"","date","state","beds_icu","beds_icu_rep","beds_icu_total","beds_icu_covid","vent","icu_covid","icu_pui","icu_noncovid","vent_covid","vent_noncovid","vent_used"
"5","2020-03-24","Negeri Sembilan",18,0,18,10,14,0,0,8,0,0,1
"8","2020-03-24","Perlis",13,0,13,4,17,0,0,8,0,0,16
"9","2020-03-24","Pulau Pinang",26,0,26,6,28,0,0,8,0,0,20
"13","2020-03-24","Terengganu",23,0,23,12,33,0,0,14,0,0,23
"15","2020-03-24","W.P. Labuan",5,2,7,0,5,0,0,2,0,0,0
"23","2020-03-25","Perlis",13,0,13,4,17,0,0,9,0,0,16
"28","2020-03-25","Terengganu",23,0,23,12,33,0,0,13,0,0,21
"30","2020-03-25","W.P. Labuan",5,2,7,0,5,0,0,2,0,0,0
"43","2020-03-26","Terengganu",23,0,23,12,33,0,0,16,0,0,21
"45","2020-03-26","W.P. Labuan",5,2,7,0,5,0,0,4,0,0,3
"58","2020-03-27","Terengganu",23,0,23,12,33,0,0,13,0,0,23
"60","2020-03-27","W.P. Labuan",5,2,7,0,5,0,0,0,0,0,0
"73","2020-03-28","Terengganu",23,0,23,12,33,0,0,14,0,0,21
"75","2020-03-28","W.P. Labuan",5,2,7,0,5,0,0,0,0,0,0
"79","2020-03-29","Melaka",26,0,26,12,23,0,0,14,0,0,3
"88","2020-03-29","Terengganu",23,0,23,12,33,0,0,12,0,0,21
"90","2020-03-29","W.P. Labuan",5,2,7,0,5,0,0,4,0,0,2
"105","2020-03-30","W.P. Labuan",5,2,7,0,5,0,0,5,0,0,2
"120","2020-03-31","W.P. Labuan",5,2,7,0,5,0,0,3,0,0,2
"135","2020-04-01","W.P. Labuan",5,2,7,0,5,0,0,4,0,0,3
"144","2020-04-02","Pulau Pinang",26,0,26,6,28,0,0,9,0,0,21
"148","2020-04-02","Terengganu",23,0,23,12,33,0,0,12,0,0,23
"150","2020-04-02","W.P. Labuan",5,2,7,0,5,0,0,3,0,0,1
"159","2020-04-03","Pulau Pinang",26,0,26,6,28,0,0,8,0,0,24
"163","2020-04-03","Terengganu",23,0,23,12,33,0,0,14,0,0,23
"165","2020-04-03","W.P. Labuan",5,2,7,0,5,0,0,5,0,0,2
"174","2020-04-04","Pulau Pinang",26,0,26,6,28,0,0,9,0,0,25
"178","2020-04-04","Terengganu",23,0,23,12,33,0,0,15,0,0,24
"180","2020-04-04","W.P. Labuan",5,2,7,0,5,0,0,5,0,0,2
"189","2020-04-05","Pulau Pinang",26,0,26,6,28,0,0,10,0,0,16
"193","2020-04-05","Terengganu",23,0,23,12,33,0,0,14,0,0,19
"195","2020-04-05","W.P. Labuan",5,2,7,0,5,0,0,4,0,0,2
"204","2020-04-06","Pulau Pinang",26,0,26,6,28,0,0,9,0,0,18
"208","2020-04-06","Terengganu",23,0,23,12,33,0,0,13,0,0,21
"210","2020-04-06","W.P. Labuan",5,2,7,0,5,0,0,3,0,0,2
"219","2020-04-07","Pulau Pinang",26,0,26,6,38,0,0,9,0,0,24
"223","2020-04-07","Terengganu",23,0,23,12,33,0,0,13,0,0,21
"225","2020-04-07","W.P. Labuan",5,2,7,0,5,0,0,3,0,0,2
"234","2020-04-08","Pulau Pinang",26,0,26,6,38,0,0,12,0,0,28
"240","2020-04-08","W.P. Labuan",5,2,7,0,5,0,0,2,0,0,1
"249","2020-04-09","Pulau Pinang",26,0,26,6,39,0,0,12,0,0,28
"255","2020-04-09","W.P. Labuan",5,2,7,0,7,0,0,5,0,0,4
"264","2020-04-10","Pulau Pinang",26,0,26,6,42,0,0,9,0,0,29
"268","2020-04-10","Terengganu",23,0,23,12,33,0,0,15,0,0,23
"270","2020-04-10","W.P. Labuan",5,2,7,0,7,0,0,5,0,0,6
"279","2020-04-11","Pulau Pinang",26,0,26,6,42,0,0,9,0,0,33
"283","2020-04-11","Terengganu",23,0,23,12,33,0,0,13,0,0,22
"285","2020-04-11","W.P. Labuan",5,2,7,0,7,0,0,5,0,0,6
"298","2020-04-12","Terengganu",23,0,23,12,33,0,0,16,0,0,26
"300","2020-04-12","W.P. Labuan",5,2,7,0,7,0,0,5,0,0,6
"313","2020-04-13","Terengganu",23,0,23,12,43,0,0,13,0,0,25
"315","2020-04-13","W.P. Labuan",5,2,7,0,7,0,0,5,0,0,6
"320","2020-04-14","Negeri Sembilan",18,0,18,10,23,0,0,5,0,0,11
"323","2020-04-14","Perlis",13,0,13,4,17,0,0,7,0,0,12
"324","2020-04-14","Pulau Pinang",26,0,26,6,42,0,0,10,0,0,30
"328","2020-04-14","Terengganu",23,0,23,12,43,0,0,16,0,0,34
"330","2020-04-14","W.P. Labuan",5,2,7,0,7,0,0,5,0,0,6
"335","2020-04-15","Negeri Sembilan",18,0,18,10,23,0,0,7,0,0,7
"338","2020-04-15","Perlis",13,0,13,4,17,0,0,6,0,0,6
"343","2020-04-15","Terengganu",23,0,23,12,43,0,0,12,0,0,12
"345","2020-04-15","W.P. Labuan",5,2,7,0,7,0,0,5,0,0,5
"353","2020-04-16","Perlis",13,0,13,4,17,0,0,5,0,0,8
"354","2020-04-16","Pulau Pinang",26,0,26,6,42,0,0,18,0,0,14
"358","2020-04-16","Terengganu",23,0,23,12,43,0,0,11,0,0,14
"360","2020-04-16","W.P. Labuan",5,2,7,0,7,0,0,5,0,0,4
"365","2020-04-17","Negeri Sembilan",18,0,18,10,51,0,0,5,0,0,18
"368","2020-04-17","Perlis",13,0,13,4,23,0,0,7,0,0,9
"369","2020-04-17","Pulau Pinang",26,0,26,4,42,0,0,17,0,0,13
"373","2020-04-17","Terengganu",23,0,23,12,38,0,0,13,0,0,11
"375","2020-04-17","W.P. Labuan",5,0,5,2,10,0,0,5,0,0,3
"380","2020-04-18","Negeri Sembilan",18,0,18,10,51,0,0,6,0,0,19
"383","2020-04-18","Perlis",13,0,13,4,23,0,0,7,0,0,8
"384","2020-04-18","Pulau Pinang",26,0,26,4,42,0,0,14,0,0,10
"388","2020-04-18","Terengganu",23,0,23,12,38,0,0,18,0,0,20
"390","2020-04-18","W.P. Labuan",5,0,5,2,10,0,0,4,0,0,3
"395","2020-04-19","Negeri Sembilan",18,0,18,10,51,0,0,6,0,0,20
"398","2020-04-19","Perlis",13,0,13,4,17,0,0,7,0,0,12
"399","2020-04-19","Pulau Pinang",26,0,26,4,42,0,0,18,0,0,13
"405","2020-04-19","W.P. Labuan",5,2,7,2,10,0,0,3,0,0,3
"413","2020-04-20","Perlis",13,0,13,4,17,0,0,7,0,0,6
"414","2020-04-20","Pulau Pinang",26,0,26,4,35,0,0,18,0,0,13
"418","2020-04-20","Terengganu",23,0,23,12,35,0,0,17,0,0,20
"420","2020-04-20","W.P. Labuan",5,2,7,2,7,0,0,3,0,0,3
"428","2020-04-21","Perlis",13,0,13,4,17,0,0,7,0,0,8
"435","2020-04-21","W.P. Labuan",5,2,7,2,7,0,0,3,0,0,2
"440","2020-04-22","Negeri Sembilan",18,0,18,10,43,0,0,6,0,0,15
"443","2020-04-22","Perlis",13,0,13,4,17,0,0,6,0,0,8
"450","2020-04-22","W.P. Labuan",5,2,7,2,7,0,0,3,0,0,3
"458","2020-04-23","Perlis",13,0,13,4,17,0,0,6,0,0,8
"465","2020-04-23","W.P. Labuan",5,2,7,2,7,0,0,3,0,0,3
"473","2020-04-24","Perlis",13,0,13,4,17,0,0,5,0,0,5
"478","2020-04-24","Terengganu",23,0,23,12,35,0,0,19,0,0,20
"480","2020-04-24","W.P. Labuan",5,2,7,2,7,0,0,3,0,0,1
"488","2020-04-25","Perlis",13,0,13,4,17,0,0,5,0,0,6
"493","2020-04-25","Terengganu",23,0,23,12,35,0,0,19,0,0,26
"495","2020-04-25","W.P. Labuan",5,2,7,2,7,0,0,2,0,0,1
"503","2020-04-26","Perlis",13,0,13,4,17,0,0,5,0,0,7
"508","2020-04-26","Terengganu",23,0,23,12,35,0,0,15,0,0,20
"510","2020-04-26","W.P. Labuan",5,2,7,2,7,0,0,3,0,0,2
"518","2020-04-27","Perlis",13,0,13,4,17,0,0,7,0,0,9
"523","2020-04-27","Terengganu",23,0,23,12,35,0,0,15,0,0,19
"525","2020-04-27","W.P. Labuan",5,2,7,2,7,0,0,4,0,0,3
"533","2020-04-28","Perlis",13,0,13,4,17,0,0,8,0,0,9
"538","2020-04-28","Terengganu",23,0,23,12,35,0,0,16,0,0,18
"540","2020-04-28","W.P. Labuan",5,2,7,2,7,0,0,5,0,0,4
"548","2020-04-29","Perlis",13,0,13,4,17,0,0,9,0,0,11
"553","2020-04-29","Terengganu",23,0,23,12,35,0,0,13,0,0,12
"555","2020-04-29","W.P. Labuan",5,2,7,2,7,0,0,5,0,0,3
"563","2020-04-30","Perlis",13,0,13,4,17,0,0,8,0,0,10
"568","2020-04-30","Terengganu",23,0,23,12,35,0,0,10,0,0,12
"570","2020-04-30","W.P. Labuan",5,2,7,2,7,0,0,3,0,0,2
"578","2020-05-01","Perlis",13,0,13,4,17,0,0,8,0,0,10
"583","2020-05-01","Terengganu",23,0,23,12,35,0,0,11,0,0,13
"585","2020-05-01","W.P. Labuan",5,2,7,2,7,0,0,3,0,0,3
"593","2020-05-02","Perlis",13,0,13,4,17,0,0,7,0,0,10
"598","2020-05-02","Terengganu",23,0,23,12,35,0,0,14,0,0,15
"600","2020-05-02","W.P. Labuan",5,2,7,2,7,0,0,3,0,0,1
"608","2020-05-03","Perlis",13,0,13,4,17,0,0,9,0,0,11
"613","2020-05-03","Terengganu",23,0,23,12,35,0,0,16,0,0,17
"615","2020-05-03","W.P. Labuan",5,2,7,2,7,0,0,3,0,0,1
"620","2020-05-04","Negeri Sembilan",18,0,18,10,43,0,0,6,0,0,16
"623","2020-05-04","Perlis",13,0,13,4,17,0,0,10,0,0,13
"628","2020-05-04","Terengganu",23,0,23,12,35,0,0,14,0,0,15
"630","2020-05-04","W.P. Labuan",5,2,7,2,7,0,0,5,0,0,3
"635","2020-05-05","Negeri Sembilan",18,0,18,10,43,0,0,8,0,0,19
"638","2020-05-05","Perlis",13,0,13,4,17,0,0,9,0,0,10
"643","2020-05-05","Terengganu",23,0,23,12,35,0,0,13,0,0,17
"645","2020-05-05","W.P. Labuan",5,2,7,2,7,0,0,4,0,0,2
"650","2020-05-06","Negeri Sembilan",18,0,18,10,43,0,0,10,0,0,17
"653","2020-05-06","Perlis",13,0,13,4,17,0,0,8,0,0,9
"658","2020-05-06","Terengganu",23,0,23,12,35,0,0,16,0,0,17
"660","2020-05-06","W.P. Labuan",5,2,7,2,7,0,0,3,0,0,2
"665","2020-05-07","Negeri Sembilan",18,0,18,10,43,0,0,7,0,0,18
"668","2020-05-07","Perlis",13,0,13,4,17,0,0,9,0,0,9
"673","2020-05-07","Terengganu",23,0,23,12,35,0,0,14,0,0,16
"675","2020-05-07","W.P. Labuan",5,2,7,2,7,0,0,4,0,0,2
"680","2020-05-08","Negeri Sembilan",18,0,18,10,43,0,0,9,0,0,17
"683","2020-05-08","Perlis",13,0,13,4,17,0,0,10,0,0,10
"688","2020-05-08","Terengganu",23,0,23,12,35,0,0,12,0,0,11
"690","2020-05-08","W.P. Labuan",5,2,7,2,7,0,0,5,0,0,3
"695","2020-05-09","Negeri Sembilan",18,0,18,10,43,0,0,9,0,0,19
"698","2020-05-09","Perlis",13,0,13,4,17,0,0,10,0,0,13
"703","2020-05-09","Terengganu",23,0,23,12,35,0,0,12,0,0,12
"705","2020-05-09","W.P. Labuan",5,2,7,2,7,0,0,4,0,0,3
"710","2020-05-10","Negeri Sembilan",18,0,18,10,43,0,0,9,0,0,22
"713","2020-05-10","Perlis",13,0,13,4,17,0,0,10,0,0,14
"718","2020-05-10","Terengganu",23,0,23,12,35,0,0,11,0,0,15
"720","2020-05-10","W.P. Labuan",5,2,7,2,7,0,0,4,0,0,4
"728","2020-05-11","Perlis",13,0,13,4,17,0,0,10,0,0,14
"733","2020-05-11","Terengganu",23,0,23,12,35,0,0,11,0,0,12
"735","2020-05-11","W.P. Labuan",5,2,7,2,7,0,0,4,0,0,4
"743","2020-05-12","Perlis",13,0,13,4,17,0,0,10,0,0,16
"748","2020-05-12","Terengganu",23,0,23,12,35,0,0,11,0,0,14
"750","2020-05-12","W.P. Labuan",5,2,7,2,7,0,0,3,0,0,3
"758","2020-05-13","Perlis",13,0,13,4,17,0,0,10,0,0,14
"763","2020-05-13","Terengganu",23,0,23,12,35,0,0,12,0,0,15
"765","2020-05-13","W.P. Labuan",5,2,7,2,7,0,0,4,0,0,3
"773","2020-05-14","Perlis",13,0,13,4,17,0,0,9,0,0,14
"778","2020-05-14","Terengganu",23,0,23,12,35,0,0,12,0,0,19
"780","2020-05-14","W.P. Labuan",5,2,7,2,7,0,0,4,0,0,3
"788","2020-05-15","Perlis",13,0,13,4,17,0,0,8,0,0,15
"793","2020-05-15","Terengganu",23,0,23,12,35,0,0,14,0,0,19
"795","2020-05-15","W.P. Labuan",5,2,7,2,7,0,0,5,0,0,4
"803","2020-05-16","Perlis",13,0,13,4,17,0,0,7,0,0,13
"808","2020-05-16","Terengganu",23,0,23,12,35,0,0,11,0,0,17
"810","2020-05-16","W.P. Labuan",5,2,7,2,7,0,0,4,0,0,4
"818","2020-05-17","Perlis",13,0,13,4,17,0,0,7,0,0,13
"823","2020-05-17","Terengganu",23,0,23,12,35,0,0,11,0,0,18
"825","2020-05-17","W.P. Labuan",5,2,7,2,7,0,0,4,0,0,3
"833","2020-05-18","Perlis",13,0,13,4,17,0,0,9,0,0,13
"838","2020-05-18","Terengganu",23,0,23,12,35,0,0,14,0,0,17
"840","2020-05-18","W.P. Labuan",5,2,7,2,7,0,0,3,0,0,3
"845","2020-05-19","Negeri Sembilan",18,0,18,10,43,0,0,9,0,0,18
"848","2020-05-19","Perlis",13,0,13,4,17,0,0,9,0,0,12
"853","2020-05-19","Terengganu",23,0,23,12,35,0,0,19,0,0,23
"855","2020-05-19","W.P. Labuan",5,2,7,2,7,0,0,3,0,0,2
"860","2020-05-20","Negeri Sembilan",18,0,18,10,43,0,0,6,0,0,20
"863","2020-05-20","Perlis",13,0,13,4,17,0,0,8,0,0,12
"868","2020-05-20","Terengganu",23,0,23,12,35,0,0,17,0,0,21
"870","2020-05-20","W.P. Labuan",5,2,7,2,7,0,0,5,0,0,1
"875","2020-05-21","Negeri Sembilan",18,0,18,10,43,0,0,8,0,0,17
"878","2020-05-21","Perlis",13,0,13,4,17,0,0,10,0,0,14
"885","2020-05-21","W.P. Labuan",5,2,7,2,7,0,0,4,0,0,1
"890","2020-05-22","Negeri Sembilan",18,0,18,10,43,0,0,7,0,0,15
"893","2020-05-22","Perlis",13,0,13,4,17,0,0,10,0,0,15
"898","2020-05-22","Terengganu",23,0,23,12,35,0,0,17,0,0,20
"900","2020-05-22","W.P. Labuan",5,2,7,2,7,0,0,4,0,0,1
"905","2020-05-23","Negeri Sembilan",18,0,18,10,43,0,0,9,0,0,19
"908","2020-05-23","Perlis",13,0,13,4,17,0,0,6,0,0,9
"913","2020-05-23","Terengganu",23,0,23,12,35,0,0,15,0,0,18
"915","2020-05-23","W.P. Labuan",5,2,7,2,7,0,0,2,0,0,0
"920","2020-05-24","Negeri Sembilan",18,0,18,10,43,0,0,7,0,0,23
"923","2020-05-24","Perlis",13,0,13,4,17,0,0,6,0,0,11
"928","2020-05-24","Terengganu",23,0,23,12,35,0,0,15,0,0,20
"930","2020-05-24","W.P. Labuan",5,2,7,2,7,0,0,2,0,0,0
"935","2020-05-25","Negeri Sembilan",18,0,18,10,43,0,0,7,0,0,26
"938","2020-05-25","Perlis",13,0,13,4,17,0,0,7,0,0,11
"943","2020-05-25","Terengganu",23,0,23,12,35,0,0,16,0,0,20
"945","2020-05-25","W.P. Labuan",5,2,7,2,7,0,0,2,0,0,1
"950","2020-05-26","Negeri Sembilan",18,0,18,10,43,0,0,10,0,0,25
"953","2020-05-26","Perlis",13,0,13,4,17,0,0,7,0,0,10
"958","2020-05-26","Terengganu",23,0,23,12,35,0,0,18,0,0,25
"960","2020-05-26","W.P. Labuan",5,2,7,2,7,0,0,4,0,0,2
"965","2020-05-27","Negeri Sembilan",18,0,18,10,43,0,0,7,0,0,21
"968","2020-05-27","Perlis",13,0,13,4,17,0,0,5,0,0,8
"975","2020-05-27","W.P. Labuan",5,2,7,2,7,0,0,4,0,0,3
"980","2020-05-28","Negeri Sembilan",18,0,18,10,43,0,0,9,0,0,26
"983","2020-05-28","Perlis",13,0,13,4,17,0,0,5,0,0,6
"988","2020-05-28","Terengganu",23,0,23,12,35,0,0,18,0,0,22
"990","2020-05-28","W.P. Labuan",5,2,7,2,7,0,0,3,0,0,2
"995","2020-05-29","Negeri Sembilan",18,0,18,10,43,0,0,10,0,0,29
"998","2020-05-29","Perlis",13,0,13,4,17,0,0,3,0,0,4
"1003","2020-05-29","Terengganu",23,0,23,12,35,0,0,16,0,0,20
"1005","2020-05-29","W.P. Labuan",5,2,7,2,7,0,0,4,0,0,1
"1010","2020-05-30","Negeri Sembilan",18,0,18,10,43,0,0,9,0,0,25
"1013","2020-05-30","Perlis",13,0,13,4,17,0,0,5,0,0,6
"1018","2020-05-30","Terengganu",23,0,23,12,35,0,0,15,0,0,18
"1020","2020-05-30","W.P. Labuan",5,2,7,2,7,0,0,4,0,0,2
"1025","2020-05-31","Negeri Sembilan",18,0,18,10,43,0,0,8,0,0,22
"1028","2020-05-31","Perlis",13,0,13,4,17,0,0,6,0,0,7
"1033","2020-05-31","Terengganu",23,0,23,12,35,0,0,14,0,0,16
"1035","2020-05-31","W.P. Labuan",5,2,7,2,7,0,0,5,0,0,3
"1040","2020-06-01","Negeri Sembilan",18,0,18,10,43,0,0,9,0,0,26
"1043","2020-06-01","Perlis",13,0,13,4,17,0,0,6,0,0,7
"1048","2020-06-01","Terengganu",23,0,23,12,35,0,0,15,0,0,16
"1050","2020-06-01","W.P. Labuan",5,2,7,2,7,0,0,4,0,0,2
"1055","2020-06-02","Negeri Sembilan",18,0,18,10,43,0,0,7,0,0,27
"1058","2020-06-02","Perlis",13,0,13,4,17,0,0,8,0,0,10
"1063","2020-06-02","Terengganu",23,0,23,12,35,0,0,13,0,0,13
"1065","2020-06-02","W.P. Labuan",5,2,7,2,7,0,0,5,0,0,3
"1070","2020-06-03","Negeri Sembilan",18,0,18,10,43,0,0,9,0,0,27
"1073","2020-06-03","Perlis",13,0,13,4,17,0,0,8,0,0,10
"1078","2020-06-03","Terengganu",23,0,23,12,35,0,0,16,0,0,21
"1080","2020-06-03","W.P. Labuan",5,2,7,2,7,0,0,5,0,0,3
"1085","2020-06-04","Negeri Sembilan",18,0,18,10,43,0,0,9,0,0,22
"1088","2020-06-04","Perlis",13,0,13,4,17,0,0,7,0,0,11
"1093","2020-06-04","Terengganu",23,0,23,12,35,0,0,16,0,0,21
"1095","2020-06-04","W.P. Labuan",5,2,7,2,7,0,0,4,0,0,2
"1100","2020-06-05","Negeri Sembilan",18,0,18,10,43,0,0,9,0,0,20
"1103","2020-06-05","Perlis",13,0,13,4,17,0,0,9,0,0,10
"1108","2020-06-05","Terengganu",23,0,23,12,35,0,0,15,0,0,17
"1110","2020-06-05","W.P. Labuan",5,2,7,2,7,0,0,4,0,0,2
"1115","2020-06-06","Negeri Sembilan",18,0,18,10,43,0,0,9,0,0,27
"1118","2020-06-06","Perlis",13,0,13,4,17,0,0,10,0,0,11
"1123","2020-06-06","Terengganu",23,0,23,12,35,0,0,13,0,0,15
"1125","2020-06-06","W.P. Labuan",5,2,7,2,7,0,0,2,0,0,2
"1130","2020-06-07","Negeri Sembilan",18,0,18,10,43,0,0,8,0,0,24
"1133","2020-06-07","Perlis",13,0,13,4,17,0,0,9,0,0,11
"1138","2020-06-07","Terengganu",23,0,23,12,35,0,0,14,0,0,17
"1140","2020-06-07","W.P. Labuan",5,2,7,2,7,0,0,3,0,0,3
"1145","2020-06-08","Negeri Sembilan",18,0,18,10,43,0,0,9,0,0,25
"1148","2020-06-08","Perlis",13,0,13,4,17,0,0,9,0,0,12
"1153","2020-06-08","Terengganu",23,0,23,12,35,0,0,12,0,0,16
"1155","2020-06-08","W.P. Labuan",5,2,7,2,7,0,0,5,0,0,4
"1160","2020-06-09","Negeri Sembilan",18,0,18,10,43,0,0,8,0,0,24
"1163","2020-06-09","Perlis",13,0,13,4,17,0,0,10,0,0,11
"1168","2020-06-09","Terengganu",23,0,23,12,35,0,0,15,0,0,21
"1170","2020-06-09","W.P. Labuan",5,2,7,2,7,0,0,3,0,0,2
"1175","2020-06-10","Negeri Sembilan",18,0,18,10,43,0,0,9,0,0,24
"1178","2020-06-10","Perlis",13,0,13,4,17,0,0,8,0,0,14
"1183","2020-06-10","Terengganu",23,0,23,12,35,0,0,16,0,0,18
"1185","2020-06-10","W.P. Labuan",5,2,7,2,7,0,0,1,0,0,1
"1190","2020-06-11","Negeri Sembilan",18,0,18,10,43,0,0,8,0,0,24
"1193","2020-06-11","Perlis",13,0,13,4,17,0,0,7,0,0,16
"1198","2020-06-11","Terengganu",23,0,23,12,35,0,0,13,0,0,16
"1200","2020-06-11","W.P. Labuan",5,2,7,2,7,0,0,2,0,0,1
"1205","2020-06-12","Negeri Sembilan",18,0,18,10,45,0,0,8,0,0,25
"1208","2020-06-12","Perlis",13,0,13,4,17,0,0,7,0,0,16
"1213","2020-06-12","Terengganu",23,0,23,12,38,0,0,16,0,0,18
"1215","2020-06-12","W.P. Labuan",5,2,7,2,5,0,0,3,0,0,1
"1220","2020-06-13","Negeri Sembilan",18,0,18,10,45,0,0,9,0,0,18
"1223","2020-06-13","Perlis",13,0,13,4,17,0,0,9,0,0,16
"1228","2020-06-13","Terengganu",23,0,23,12,38,0,0,16,0,0,17
"1230","2020-06-13","W.P. Labuan",5,2,7,2,5,0,0,4,0,0,2
"1235","2020-06-14","Negeri Sembilan",18,0,18,10,45,0,0,9,0,0,29
"1238","2020-06-14","Perlis",13,0,13,4,17,0,0,9,0,0,15
"1243","2020-06-14","Terengganu",23,0,23,12,38,0,0,18,0,0,21
"1245","2020-06-14","W.P. Labuan",5,2,7,2,5,0,0,3,0,0,2
"1250","2020-06-15","Negeri Sembilan",18,0,18,10,45,0,0,8,0,0,26
"1253","2020-06-15","Perlis",13,0,13,4,17,0,0,10,0,0,14
"1258","2020-06-15","Terengganu",23,0,23,12,38,0,0,15,0,0,17
"1260","2020-06-15","W.P. Labuan",5,2,7,2,5,0,0,3,0,0,2
"1265","2020-06-16","Negeri Sembilan",18,0,18,10,45,0,0,9,0,0,22
"1268","2020-06-16","Perlis",13,0,13,4,17,0,0,8,0,0,12
"1273","2020-06-16","Terengganu",23,0,23,12,38,0,0,15,0,0,19
"1275","2020-06-16","W.P. Labuan",5,2,7,2,5,0,0,3,0,0,2
"1280","2020-06-17","Negeri Sembilan",18,0,18,10,45,0,0,10,0,0,21
"1283","2020-06-17","Perlis",13,0,13,4,17,0,0,9,0,0,12
"1288","2020-06-17","Terengganu",23,0,23,12,38,0,0,14,0,0,18
"1290","2020-06-17","W.P. Labuan",5,2,7,2,5,0,0,4,0,0,2
"1295","2020-06-18","Negeri Sembilan",18,0,18,10,45,0,0,8,0,0,17
"1298","2020-06-18","Perlis",13,0,13,4,17,0,0,10,0,0,13
"1303","2020-06-18","Terengganu",23,0,23,12,38,0,0,11,0,0,14
"1305","2020-06-18","W.P. Labuan",5,2,7,2,5,0,0,2,0,0,2
"1310","2020-06-19","Negeri Sembilan",18,0,18,10,45,0,0,8,0,0,20
"1313","2020-06-19","Perlis",13,0,13,4,17,0,0,10,0,0,16
"1318","2020-06-19","Terengganu",23,0,23,12,38,0,0,14,0,0,15
"1320","2020-06-19","W.P. Labuan",5,2,7,2,5,0,0,3,0,0,2
"1325","2020-06-20","Negeri Sembilan",18,0,18,10,45,0,0,10,0,0,25
"1328","2020-06-20","Perlis",13,0,13,4,17,0,0,10,0,0,16
"1333","2020-06-20","Terengganu",23,0,23,12,38,0,0,16,0,0,21
"1335","2020-06-20","W.P. Labuan",5,2,7,2,5,0,0,2,0,0,2
"1340","2020-06-21","Negeri Sembilan",18,0,18,10,45,0,0,9,0,0,21
"1343","2020-06-21","Perlis",13,0,13,4,17,0,0,10,0,0,14
"1348","2020-06-21","Terengganu",23,0,23,12,38,0,0,18,0,0,23
"1350","2020-06-21","W.P. Labuan",5,2,7,2,5,0,0,2,0,0,1
"1355","2020-06-22","Negeri Sembilan",18,0,18,10,45,0,0,8,0,0,22
"1358","2020-06-22","Perlis",13,0,13,4,17,0,0,10,0,0,14
"1363","2020-06-22","Terengganu",23,0,23,12,38,0,0,16,0,0,21
"1365","2020-06-22","W.P. Labuan",5,2,7,2,5,0,0,2,0,0,2
"1370","2020-06-23","Negeri Sembilan",18,0,18,10,45,0,0,10,0,0,28
"1373","2020-06-23","Perlis",13,0,13,4,17,0,0,9,0,0,12
"1378","2020-06-23","Terengganu",23,0,23,12,38,0,0,17,0,0,23
"1380","2020-06-23","W.P. Labuan",5,2,7,2,5,0,0,2,0,0,1
"1385","2020-06-24","Negeri Sembilan",18,0,18,10,45,0,0,9,0,0,33
"1388","2020-06-24","Perlis",13,0,13,4,17,0,0,8,0,0,12
"1395","2020-06-24","W.P. Labuan",5,2,7,2,5,0,0,3,0,0,1
"1400","2020-06-25","Negeri Sembilan",18,0,18,10,45,0,0,9,0,0,24
"1403","2020-06-25","Perlis",13,0,13,4,17,0,0,7,0,0,11
"1408","2020-06-25","Terengganu",23,0,23,12,38,0,0,16,0,0,23
"1410","2020-06-25","W.P. Labuan",5,2,7,2,5,0,0,4,0,0,1
"1415","2020-06-26","Negeri Sembilan",18,0,18,10,45,0,0,7,0,0,23
"1418","2020-06-26","Perlis",13,0,13,4,17,0,0,7,0,0,13
"1423","2020-06-26","Terengganu",23,0,23,12,38,0,0,18,0,0,23
"1425","2020-06-26","W.P. Labuan",5,2,7,2,5,0,0,4,0,0,3
"1430","2020-06-27","Negeri Sembilan",18,0,18,10,45,0,0,8,0,0,21
"1433","2020-06-27","Perlis",13,0,13,4,17,0,0,7,0,0,9
"1438","2020-06-27","Terengganu",23,0,23,12,38,0,0,18,0,0,20
"1440","2020-06-27","W.P. Labuan",5,2,7,2,5,0,0,3,0,0,3
"1445","2020-06-28","Negeri Sembilan",18,0,18,10,45,0,0,9,0,0,23
"1448","2020-06-28","Perlis",13,0,13,4,17,0,0,7,0,0,10
"1453","2020-06-28","Terengganu",23,0,23,12,38,0,0,18,0,0,21
"1455","2020-06-28","W.P. Labuan",5,2,7,2,5,0,0,4,0,0,3
"1460","2020-06-29","Negeri Sembilan",18,0,18,10,45,0,0,10,0,0,22
"1463","2020-06-29","Perlis",13,0,13,4,17,0,0,7,0,0,9
"1470","2020-06-29","W.P. Labuan",5,2,7,2,5,0,0,5,0,0,3
"1475","2020-06-30","Negeri Sembilan",18,0,18,10,45,0,0,8,0,0,24
"1478","2020-06-30","Perlis",13,0,13,4,17,0,0,9,0,0,9
"1483","2020-06-30","Terengganu",23,0,23,12,38,0,0,19,0,0,25
"1485","2020-06-30","W.P. Labuan",5,2,7,2,5,0,0,4,0,0,4
"1490","2020-07-01","Negeri Sembilan",18,0,18,10,45,0,0,8,0,0,28
"1493","2020-07-01","Perlis",13,0,13,4,17,0,0,9,0,0,11
"1500","2020-07-01","W.P. Labuan",5,2,7,2,5,0,0,4,0,0,4
"1505","2020-07-02","Negeri Sembilan",18,0,18,10,45,0,0,10,0,0,25
"1508","2020-07-02","Perlis",13,0,13,4,17,0,0,10,0,0,12
"1513","2020-07-02","Terengganu",23,0,23,12,38,0,0,18,0,0,24
"1515","2020-07-02","W.P. Labuan",5,2,7,2,5,0,0,4,0,0,4
"1520","2020-07-03","Negeri Sembilan",18,0,18,10,45,0,0,8,0,0,22
"1523","2020-07-03","Perlis",13,0,13,4,17,0,0,9,0,0,11
"1528","2020-07-03","Terengganu",23,0,23,12,38,0,0,18,0,0,21
"1530","2020-07-03","W.P. Labuan",5,2,7,2,5,0,0,5,0,0,2
"1535","2020-07-04","Negeri Sembilan",18,0,18,10,45,0,0,8,0,0,20
"1538","2020-07-04","Perlis",13,0,13,4,17,0,0,8,0,0,11
"1543","2020-07-04","Terengganu",23,0,23,12,38,0,0,19,0,0,22
"1545","2020-07-04","W.P. Labuan",5,2,7,2,5,0,0,0,0,0,0
"1550","2020-07-05","Negeri Sembilan",18,0,18,10,45,0,0,8,0,0,25
"1553","2020-07-05","Perlis",13,0,13,4,17,0,0,7,0,0,10
"1558","2020-07-05","Terengganu",23,0,23,12,38,0,0,16,0,0,26
"1560","2020-07-05","W.P. Labuan",5,2,7,2,5,0,0,0,0,0,0
"1565","2020-07-06","Negeri Sembilan",18,0,18,10,45,0,0,8,0,0,24
"1568","2020-07-06","Perlis",13,0,13,4,17,0,0,9,0,0,13
"1573","2020-07-06","Terengganu",23,0,23,12,38,0,0,12,0,0,17
"1575","2020-07-06","W.P. Labuan",5,2,7,2,5,0,0,5,0,0,4
"1580","2020-07-07","Negeri Sembilan",18,0,18,10,45,0,0,8,0,0,22
"1583","2020-07-07","Perlis",13,0,13,4,17,0,0,9,0,0,13
"1588","2020-07-07","Terengganu",23,0,23,12,38,0,0,10,0,0,16
"1590","2020-07-07","W.P. Labuan",5,2,7,2,5,0,0,5,0,0,4
"1595","2020-07-08","Negeri Sembilan",18,0,18,10,45,0,0,6,0,0,15
"1598","2020-07-08","Perlis",13,0,13,4,17,0,0,6,0,0,10
"1603","2020-07-08","Terengganu",23,0,23,12,38,0,0,12,0,0,19
"1605","2020-07-08","W.P. Labuan",5,2,7,2,5,0,0,4,0,0,4
"1610","2020-07-09","Negeri Sembilan",18,0,18,10,45,0,0,9,0,0,17
"1613","2020-07-09","Perlis",13,0,13,4,17,0,0,7,0,0,10
"1618","2020-07-09","Terengganu",23,0,23,12,38,0,0,16,0,0,17
"1620","2020-07-09","W.P. Labuan",5,2,7,2,5,0,0,5,0,0,4
"1625","2020-07-10","Negeri Sembilan",18,0,18,10,45,0,0,8,0,0,19
"1628","2020-07-10","Perlis",13,0,13,4,17,0,0,7,0,0,10
"1633","2020-07-10","Terengganu",23,0,23,12,38,0,0,16,0,0,16
"1635","2020-07-10","W.P. Labuan",5,2,7,2,5,0,0,5,0,0,3
"1640","2020-07-11","Negeri Sembilan",18,0,18,10,45,0,0,9,0,0,23
"1643","2020-07-11","Perlis",13,0,13,4,17,0,0,8,0,0,10
"1648","2020-07-11","Terengganu",23,0,23,12,38,0,0,16,0,0,17
"1650","2020-07-11","W.P. Labuan",5,2,7,2,5,0,0,5,0,0,3
"1655","2020-07-12","Negeri Sembilan",18,0,18,10,45,0,0,9,0,0,24
"1658","2020-07-12","Perlis",13,0,13,4,17,0,0,6,0,0,10
"1663","2020-07-12","Terengganu",23,0,23,12,38,0,0,15,0,0,16
"1665","2020-07-12","W.P. Labuan",5,2,7,2,5,0,0,4,0,0,3
"1670","2020-07-13","Negeri Sembilan",18,0,18,10,45,0,0,10,0,0,26
"1673","2020-07-13","Perlis",13,0,13,4,17,0,0,7,0,0,12
"1678","2020-07-13","Terengganu",23,0,23,12,38,0,0,11,0,0,14
"1680","2020-07-13","W.P. Labuan",5,2,7,2,5,0,0,5,0,0,1
"1685","2020-07-14","Negeri Sembilan",18,0,18,10,45,0,0,10,0,0,24
"1688","2020-07-14","Perlis",13,0,13,4,17,0,0,10,0,0,13
"1693","2020-07-14","Terengganu",23,0,23,12,38,0,0,8,0,0,9
"1695","2020-07-14","W.P. Labuan",5,2,7,2,5,0,0,4,0,0,1
"1700","2020-07-15","Negeri Sembilan",18,0,18,10,45,0,0,10,0,0,22
"1703","2020-07-15","Perlis",13,0,13,4,17,0,0,11,0,0,17
"1708","2020-07-15","Terengganu",23,0,23,12,38,0,0,15,0,0,19
"1710","2020-07-15","W.P. Labuan",5,2,7,2,5,0,0,3,0,0,3
"1715","2020-07-16","Negeri Sembilan",18,0,18,10,45,0,0,9,0,0,20
"1718","2020-07-16","Perlis",13,0,13,4,17,0,0,9,0,0,10
"1723","2020-07-16","Terengganu",23,0,23,12,38,0,0,14,0,0,18
"1725","2020-07-16","W.P. Labuan",5,2,7,2,5,0,0,3,0,0,3
"1730","2020-07-17","Negeri Sembilan",18,0,18,10,45,0,0,9,0,0,18
"1733","2020-07-17","Perlis",13,0,13,4,17,0,0,9,0,0,13
"1738","2020-07-17","Terengganu",23,0,23,12,38,0,0,13,0,0,19
"1740","2020-07-17","W.P. Labuan",5,2,7,2,5,0,0,4,0,0,3
"1745","2020-07-18","Negeri Sembilan",18,0,18,10,45,0,0,9,0,0,18
"1748","2020-07-18","Perlis",13,0,13,4,17,0,0,8,0,0,11
"1753","2020-07-18","Terengganu",23,0,23,12,38,0,0,15,0,0,19
"1755","2020-07-18","W.P. Labuan",5,2,7,2,5,0,0,4,0,0,4
"1760","2020-07-19","Negeri Sembilan",18,0,18,10,45,0,0,8,0,0,21
"1763","2020-07-19","Perlis",13,0,13,4,17,0,0,11,0,0,13
"1768","2020-07-19","Terengganu",23,0,23,12,38,0,0,10,0,0,15
"1770","2020-07-19","W.P. Labuan",5,2,7,2,5,0,0,5,0,0,5
"1775","2020-07-20","Negeri Sembilan",18,0,18,10,45,0,0,7,0,0,16
"1778","2020-07-20","Perlis",13,0,13,4,17,0,0,9,0,0,10
"1783","2020-07-20","Terengganu",23,0,23,12,38,0,0,13,0,0,20
"1785","2020-07-20","W.P. Labuan",5,2,7,2,5,0,0,5,0,0,5
"1790","2020-07-21","Negeri Sembilan",18,0,18,10,45,0,0,7,0,0,17
"1793","2020-07-21","Perlis",13,0,13,4,17,0,0,9,0,0,12
"1798","2020-07-21","Terengganu",23,0,23,12,38,0,0,11,0,0,18
"1800","2020-07-21","W.P. Labuan",5,2,7,2,5,0,0,5,0,0,5
"1805","2020-07-22","Negeri Sembilan",18,0,18,10,45,0,0,8,0,0,17
"1808","2020-07-22","Perlis",13,0,13,4,17,0,0,8,0,0,11
"1813","2020-07-22","Terengganu",23,0,23,12,38,0,0,10,0,0,15
"1815","2020-07-22","W.P. Labuan",5,2,7,2,5,0,0,5,0,0,4
"1820","2020-07-23","Negeri Sembilan",18,0,18,10,45,0,0,9,0,0,23
"1823","2020-07-23","Perlis",13,0,13,4,17,0,0,10,0,0,15
"1828","2020-07-23","Terengganu",23,0,23,12,38,0,0,13,0,0,18
"1830","2020-07-23","W.P. Labuan",5,2,7,2,5,0,0,5,0,0,5
"1835","2020-07-24","Negeri Sembilan",18,0,18,10,45,0,0,8,0,0,18
"1838","2020-07-24","Perlis",13,0,13,4,17,0,0,9,0,0,13
"1843","2020-07-24","Terengganu",23,0,23,12,38,0,0,15,0,0,19
"1845","2020-07-24","W.P. Labuan",5,2,7,2,5,0,0,4,0,0,4
"1850","2020-07-25","Negeri Sembilan",18,0,18,10,45,0,0,8,0,0,22
"1853","2020-07-25","Perlis",13,0,13,4,17,0,0,7,0,0,13
"1858","2020-07-25","Terengganu",23,0,23,12,38,0,0,18,0,0,25
"1860","2020-07-25","W.P. Labuan",5,2,7,2,5,0,0,4,0,0,3
"1865","2020-07-26","Negeri Sembilan",18,0,18,10,45,0,0,9,0,0,23
"1868","2020-07-26","Perlis",13,0,13,4,17,0,0,6,0,0,13
"1875","2020-07-26","W.P. Labuan",5,2,7,2,5,0,0,2,0,0,2
"1880","2020-07-27","Negeri Sembilan",18,0,18,10,45,0,0,8,0,0,25
"1883","2020-07-27","Perlis",13,0,13,4,17,0,0,8,0,0,14
"1888","2020-07-27","Terengganu",23,0,23,12,38,0,0,17,0,0,26
"1890","2020-07-27","W.P. Labuan",5,2,7,2,5,0,0,3,0,0,2
"1895","2020-07-28","Negeri Sembilan",18,0,18,10,45,0,0,7,0,0,24
"1898","2020-07-28","Perlis",13,0,13,4,17,0,0,8,0,0,14
"1903","2020-07-28","Terengganu",23,0,23,12,38,0,0,15,0,0,26
"1905","2020-07-28","W.P. Labuan",5,2,7,2,5,0,0,4,0,0,2
"1910","2020-07-29","Negeri Sembilan",18,0,18,10,45,0,0,9,0,0,20
"1913","2020-07-29","Perlis",13,0,13,4,17,0,0,9,0,0,14
"1918","2020-07-29","Terengganu",23,0,23,12,38,0,0,18,0,0,25
"1920","2020-07-29","W.P. Labuan",5,2,7,2,5,0,0,4,0,0,2
"1925","2020-07-30","Negeri Sembilan",18,0,18,10,45,0,0,9,0,0,19
"1928","2020-07-30","Perlis",13,0,13,4,17,0,0,11,0,0,17
"1933","2020-07-30","Terengganu",23,0,23,12,38,0,0,18,0,0,28
"1935","2020-07-30","W.P. Labuan",5,2,7,2,5,0,0,4,0,0,3
"1940","2020-07-31","Negeri Sembilan",18,0,18,10,45,0,0,9,0,0,22
"1943","2020-07-31","Perlis",13,0,13,4,17,0,0,9,0,0,17
"1948","2020-07-31","Terengganu",23,0,23,12,38,0,0,19,0,0,29
"1950","2020-07-31","W.P. Labuan",5,2,7,2,5,0,0,4,0,0,3
"1955","2020-08-01","Negeri Sembilan",18,0,18,10,45,0,0,8,0,0,19
"1958","2020-08-01","Perlis",13,0,13,4,17,0,0,10,0,0,17
"1963","2020-08-01","Terengganu",23,0,23,12,38,0,0,17,0,0,29
"1965","2020-08-01","W.P. Labuan",5,2,7,2,5,0,0,4,0,0,3
"1970","2020-08-02","Negeri Sembilan",18,0,18,10,45,0,0,8,0,0,21
"1973","2020-08-02","Perlis",13,0,13,4,17,0,0,12,0,0,19
"1978","2020-08-02","Terengganu",23,0,23,12,38,0,0,17,0,0,29
"1980","2020-08-02","W.P. Labuan",5,2,7,2,5,0,0,5,0,0,3
"1985","2020-08-03","Negeri Sembilan",18,0,18,10,45,0,0,7,0,0,24
"1988","2020-08-03","Perlis",13,0,13,4,17,0,0,10,0,0,18
"1993","2020-08-03","Terengganu",23,0,23,12,38,0,0,16,0,0,26
"1995","2020-08-03","W.P. Labuan",5,2,7,2,5,0,0,5,0,0,3
"2000","2020-08-04","Negeri Sembilan",18,0,18,10,45,0,0,7,0,0,16
"2003","2020-08-04","Perlis",13,0,13,4,17,0,0,10,0,0,18
"2008","2020-08-04","Terengganu",23,0,23,12,38,0,0,17,0,0,29
"2010","2020-08-04","W.P. Labuan",5,2,7,2,5,0,0,4,0,0,4
"2015","2020-08-05","Negeri Sembilan",18,0,18,10,45,0,0,10,0,0,17
"2018","2020-08-05","Perlis",13,0,13,4,20,0,0,10,0,0,19
"2023","2020-08-05","Terengganu",23,0,23,12,38,0,0,19,0,0,27
"2025","2020-08-05","W.P. Labuan",5,2,7,2,5,0,0,4,0,0,4
"2030","2020-08-06","Negeri Sembilan",18,0,18,10,45,0,0,9,0,0,23
"2033","2020-08-06","Perlis",13,0,13,4,20,0,0,10,0,0,18
"2038","2020-08-06","Terengganu",23,0,23,12,38,0,0,17,0,0,24
"2040","2020-08-06","W.P. Labuan",5,2,7,2,5,0,0,4,0,0,4
"2045","2020-08-07","Negeri Sembilan",18,0,18,10,45,0,0,9,0,0,25
"2048","2020-08-07","Perlis",13,0,13,4,20,0,0,10,0,0,18
"2053","2020-08-07","Terengganu",23,0,23,12,38,0,0,15,0,0,22
"2055","2020-08-07","W.P. Labuan",5,2,7,2,5,0,0,5,0,0,5
"2060","2020-08-08","Negeri Sembilan",18,0,18,10,45,0,0,8,0,0,21
"2063","2020-08-08","Perlis",13,0,13,4,20,0,0,10,0,0,17
"2068","2020-08-08","Terengganu",23,0,23,12,38,0,0,13,0,0,23
"2070","2020-08-08","W.P. Labuan",5,2,7,2,5,0,0,5,0,0,5
"2075","2020-08-09","Negeri Sembilan",18,0,18,10,45,0,0,10,0,0,19
"2083","2020-08-09","Terengganu",23,0,23,12,38,0,0,12,0,0,21
"2085","2020-08-09","W.P. Labuan",5,2,7,2,5,0,0,3,0,0,3
"2090","2020-08-10","Negeri Sembilan",18,0,18,10,45,0,0,8,0,0,22
"2098","2020-08-10","Terengganu",23,0,23,12,38,0,0,17,0,0,21
"2100","2020-08-10","W.P. Labuan",5,2,7,2,5,0,0,4,0,0,3
"2105","2020-08-11","Negeri Sembilan",18,0,18,10,45,0,0,9,0,0,29
"2113","2020-08-11","Terengganu",23,0,23,12,38,0,0,16,0,0,27
"2115","2020-08-11","W.P. Labuan",5,2,7,2,5,0,0,3,0,0,2
"2120","2020-08-12","Negeri Sembilan",18,0,18,10,45,0,0,10,0,0,29
"2128","2020-08-12","Terengganu",23,0,23,12,38,0,0,16,0,0,24
"2130","2020-08-12","W.P. Labuan",5,2,7,2,5,0,0,4,0,0,3
"2135","2020-08-13","Negeri Sembilan",18,0,18,10,45,0,0,10,0,0,32
"2143","2020-08-13","Terengganu",23,0,23,12,38,0,0,18,0,0,29
"2145","2020-08-13","W.P. Labuan",5,2,7,2,5,0,0,3,0,0,2
"2150","2020-08-14","Negeri Sembilan",18,0,18,10,45,0,0,10,0,0,31
"2158","2020-08-14","Terengganu",23,0,23,12,38,0,0,18,0,0,30
"2160","2020-08-14","W.P. Labuan",5,2,7,2,5,0,0,5,0,0,3
"2165","2020-08-15","Negeri Sembilan",18,0,18,10,45,0,0,10,0,0,29
"2173","2020-08-15","Terengganu",23,0,23,12,38,0,0,15,0,0,25
"2175","2020-08-15","W.P. Labuan",5,2,7,2,5,0,0,4,0,0,2
"2183","2020-08-16","Perlis",13,0,13,4,20,0,0,10,0,0,16
"2188","2020-08-16","Terengganu",23,0,23,12,38,0,0,18,0,0,26
"2190","2020-08-16","W.P. Labuan",5,2,7,2,5,0,0,4,0,0,2
"2198","2020-08-17","Perlis",13,0,13,4,20,0,0,9,0,0,17
"2203","2020-08-17","Terengganu",23,0,23,12,38,0,0,19,0,0,28
"2205","2020-08-17","W.P. Labuan",5,2,7,2,5,0,0,3,0,0,2
"2213","2020-08-18","Perlis",13,0,13,4,20,0,0,10,0,0,14
"2218","2020-08-18","Terengganu",23,0,23,12,38,0,0,16,0,0,27
"2220","2020-08-18","W.P. Labuan",5,2,7,2,5,0,0,3,0,0,1
"2228","2020-08-19","Perlis",13,0,13,4,20,0,0,10,0,0,14
"2233","2020-08-19","Terengganu",23,0,23,12,38,0,0,19,0,0,33
"2235","2020-08-19","W.P. Labuan",5,2,7,2,5,0,0,2,0,0,2
"2240","2020-08-20","Negeri Sembilan",18,0,18,10,45,0,0,9,0,0,35
"2243","2020-08-20","Perlis",13,0,13,4,20,0,0,9,0,0,17
"2250","2020-08-20","W.P. Labuan",5,2,7,2,5,0,0,3,0,0,3
"2255","2020-08-21","Negeri Sembilan",18,0,18,10,45,0,0,9,0,0,32
"2258","2020-08-21","Perlis",13,0,13,4,20,0,0,9,0,0,18
"2265","2020-08-21","W.P. Labuan",5,2,7,2,5,0,0,4,0,0,2
"2270","2020-08-22","Negeri Sembilan",18,0,18,10,45,0,0,9,0,0,30
"2273","2020-08-22","Perlis",13,0,13,4,20,0,0,8,0,0,18
"2278","2020-08-22","Terengganu",23,0,23,12,38,0,0,18,0,0,31
"2280","2020-08-22","W.P. Labuan",5,2,7,2,5,0,0,4,0,0,3
"2285","2020-08-23","Negeri Sembilan",18,0,18,10,45,0,0,9,0,0,33
"2288","2020-08-23","Perlis",13,0,13,4,20,0,0,10,0,0,20
"2293","2020-08-23","Terengganu",23,0,23,12,38,0,0,19,0,0,32
"2295","2020-08-23","W.P. Labuan",5,2,7,2,5,0,0,4,0,0,4
"2303","2020-08-24","Perlis",13,0,13,4,20,0,0,9,0,0,18
"2308","2020-08-24","Terengganu",23,0,23,12,38,0,0,19,0,0,30
"2310","2020-08-24","W.P. Labuan",5,2,7,2,5,0,0,5,0,0,4
"2315","2020-08-25","Negeri Sembilan",18,0,18,10,45,0,0,9,0,0,32
"2318","2020-08-25","Perlis",13,0,13,4,20,0,0,9,0,0,16
"2323","2020-08-25","Terengganu",23,0,23,12,38,0,0,14,0,0,21
"2325","2020-08-25","W.P. Labuan",5,2,7,2,5,0,0,4,0,0,3
"2330","2020-08-26","Negeri Sembilan",18,0,18,10,45,0,0,10,0,0,30
"2333","2020-08-26","Perlis",13,0,13,4,20,0,0,9,0,0,17
"2338","2020-08-26","Terengganu",23,0,23,12,38,0,0,15,0,0,23
"2340","2020-08-26","W.P. Labuan",5,2,7,2,5,0,0,3,0,0,2
"2345","2020-08-27","Negeri Sembilan",18,0,18,10,45,0,0,9,0,0,28
"2348","2020-08-27","Perlis",13,0,13,4,20,0,0,10,0,0,17
"2353","2020-08-27","Terengganu",23,0,23,12,38,0,0,18,0,0,28
"2355","2020-08-27","W.P. Labuan",5,2,7,2,5,0,0,4,0,0,3
"2360","2020-08-28","Negeri Sembilan",18,0,18,10,45,0,0,10,0,0,27
"2363","2020-08-28","Perlis",13,0,13,4,20,0,0,11,0,0,16
"2368","2020-08-28","Terengganu",23,0,23,12,38,0,0,18,0,0,28
"2370","2020-08-28","W.P. Labuan",5,2,7,2,5,0,0,4,0,0,3
"2375","2020-08-29","Negeri Sembilan",18,0,18,10,45,0,0,9,0,0,26
"2378","2020-08-29","Perlis",13,0,13,4,20,0,0,11,0,0,13
"2385","2020-08-29","W.P. Labuan",5,2,7,2,5,0,0,4,0,0,3
"2390","2020-08-30","Negeri Sembilan",18,0,18,10,45,0,0,9,0,0,33
"2393","2020-08-30","Perlis",13,0,13,4,20,0,0,11,0,0,17
"2400","2020-08-30","W.P. Labuan",5,2,7,2,5,0,0,3,0,0,3
"2405","2020-08-31","Negeri Sembilan",18,0,18,10,45,0,0,9,0,0,26
"2408","2020-08-31","Perlis",13,0,13,4,20,0,0,8,0,0,13
"2415","2020-08-31","W.P. Labuan",5,2,7,2,5,0,0,4,0,0,3
"2420","2020-09-01","Negeri Sembilan",18,0,18,10,45,0,0,8,0,0,27
"2423","2020-09-01","Perlis",13,0,13,4,20,0,0,7,0,0,10
"2428","2020-09-01","Terengganu",23,0,23,12,38,0,0,17,0,0,26
"2430","2020-09-01","W.P. Labuan",5,2,7,2,5,0,0,3,0,0,4
"2435","2020-09-02","Negeri Sembilan",18,0,18,10,45,0,0,9,0,0,29
"2438","2020-09-02","Perlis",13,0,13,4,20,0,0,6,0,0,11
"2443","2020-09-02","Terengganu",23,0,23,12,38,0,0,17,0,0,24
"2445","2020-09-02","W.P. Labuan",5,2,7,2,5,0,0,4,0,0,3
"2450","2020-09-03","Negeri Sembilan",18,0,18,10,45,0,0,10,0,0,26
"2453","2020-09-03","Perlis",13,0,13,4,20,0,0,11,0,0,18
"2458","2020-09-03","Terengganu",23,0,23,12,38,0,0,18,0,0,27
"2460","2020-09-03","W.P. Labuan",5,2,7,2,5,0,0,3,0,0,3
"2465","2020-09-04","Negeri Sembilan",18,0,18,10,45,0,0,9,0,0,29
"2468","2020-09-04","Perlis",13,0,13,4,20,0,0,9,0,0,16
"2473","2020-09-04","Terengganu",23,0,23,12,38,0,0,18,0,0,30
"2475","2020-09-04","W.P. Labuan",5,2,7,2,5,0,0,4,0,0,4
"2480","2020-09-05","Negeri Sembilan",18,0,18,10,45,0,0,8,0,0,32
"2483","2020-09-05","Perlis",13,0,13,4,20,0,0,9,0,0,17
"2490","2020-09-05","W.P. Labuan",5,2,7,2,5,0,0,5,0,0,4
"2498","2020-09-06","Perlis",13,0,13,4,20,0,0,10,0,0,19
"2505","2020-09-06","W.P. Labuan",5,2,7,2,5,0,0,5,0,0,3
"2513","2020-09-07","Perlis",13,0,13,4,20,0,0,10,0,0,19
"2518","2020-09-07","Terengganu",23,0,23,12,38,0,0,19,0,0,29
"2520","2020-09-07","W.P. Labuan",5,2,7,2,5,0,0,5,0,0,3
"2525","2020-09-08","Negeri Sembilan",18,0,18,10,45,0,0,9,0,0,31
"2528","2020-09-08","Perlis",13,0,13,4,20,0,0,8,0,0,16
"2533","2020-09-08","Terengganu",23,0,23,12,38,0,0,18,0,0,30
"2535","2020-09-08","W.P. Labuan",5,2,7,2,5,0,0,4,0,0,3
"2540","2020-09-09","Negeri Sembilan",18,0,18,10,45,0,0,9,0,0,24
"2543","2020-09-09","Perlis",13,0,13,4,20,0,0,10,0,0,20
"2548","2020-09-09","Terengganu",23,0,23,12,38,0,0,18,0,0,30
"2550","2020-09-09","W.P. Labuan",5,2,7,2,5,0,0,2,0,0,2
"2555","2020-09-10","Negeri Sembilan",18,0,18,10,45,0,0,9,0,0,26
"2558","2020-09-10","Perlis",13,0,13,4,20,0,0,10,0,0,23
"2563","2020-09-10","Terengganu",23,0,23,12,38,0,0,11,0,0,20
"2565","2020-09-10","W.P. Labuan",5,2,7,2,5,0,0,4,0,0,3
"2573","2020-09-11","Perlis",13,0,13,4,20,0,0,10,0,0,24
"2578","2020-09-11","Terengganu",23,0,23,12,38,0,0,15,0,0,30
"2580","2020-09-11","W.P. Labuan",5,2,7,2,5,0,0,3,0,0,3
"2585","2020-09-12","Negeri Sembilan",18,0,18,10,45,0,0,8,0,0,28
"2588","2020-09-12","Perlis",13,0,13,4,20,0,0,9,0,0,21
"2593","2020-09-12","Terengganu",23,0,23,12,38,0,0,14,0,0,28
"2595","2020-09-12","W.P. Labuan",5,2,7,2,5,0,0,3,0,0,3
"2600","2020-09-13","Negeri Sembilan",18,0,18,10,45,0,0,10,0,0,28
"2603","2020-09-13","Perlis",13,0,13,4,20,0,0,8,0,0,19
"2608","2020-09-13","Terengganu",23,0,23,12,38,0,0,18,0,0,30
"2610","2020-09-13","W.P. Labuan",5,2,7,2,5,0,0,5,0,0,5
"2615","2020-09-14","Negeri Sembilan",18,0,18,10,45,0,0,9,0,0,33
"2618","2020-09-14","Perlis",13,0,13,4,20,0,0,9,0,0,15
"2623","2020-09-14","Terengganu",23,0,23,12,38,0,0,19,0,0,29
"2625","2020-09-14","W.P. Labuan",5,2,7,2,5,0,0,5,0,0,4
"2633","2020-09-15","Perlis",13,0,13,4,20,0,0,9,0,0,14
"2638","2020-09-15","Terengganu",23,0,23,12,38,0,0,19,0,0,29
"2640","2020-09-15","W.P. Labuan",5,2,7,2,5,0,0,5,0,0,2
"2645","2020-09-16","Negeri Sembilan",18,0,18,10,45,0,0,9,0,0,29
"2648","2020-09-16","Perlis",13,0,13,4,20,0,0,9,0,0,17
"2653","2020-09-16","Terengganu",23,0,23,12,38,0,0,19,0,0,29
"2655","2020-09-16","W.P. Labuan",5,2,7,2,5,0,0,3,0,0,3
"2660","2020-09-17","Negeri Sembilan",18,0,18,10,45,0,0,10,0,0,33
"2663","2020-09-17","Perlis",13,0,13,4,20,0,0,9,0,0,17
"2670","2020-09-17","W.P. Labuan",5,2,7,2,5,0,0,5,0,0,2
"2678","2020-09-18","Perlis",13,0,13,4,20,0,0,10,0,0,21
"2685","2020-09-18","W.P. Labuan",5,2,7,2,5,0,0,4,0,0,3
"2690","2020-09-19","Negeri Sembilan",18,0,18,10,45,0,0,8,0,0,32
"2693","2020-09-19","Perlis",13,0,13,4,20,0,0,7,0,0,18
"2700","2020-09-19","W.P. Labuan",5,2,7,2,5,0,0,4,0,0,3
"2705","2020-09-20","Negeri Sembilan",18,0,18,10,45,0,0,10,0,0,34
"2708","2020-09-20","Perlis",13,0,13,4,20,0,0,8,0,0,17
"2715","2020-09-20","W.P. Labuan",5,2,7,2,5,0,0,5,0,0,4
"2720","2020-09-21","Negeri Sembilan",18,0,18,10,45,0,0,10,0,0,24
"2723","2020-09-21","Perlis",13,0,13,4,20,0,0,8,0,0,18
"2728","2020-09-21","Terengganu",23,0,23,12,38,0,0,18,0,0,29
"2730","2020-09-21","W.P. Labuan",5,2,7,2,5,0,0,5,0,0,3
"2735","2020-09-22","Negeri Sembilan",18,0,18,10,45,0,0,8,0,0,35
"2738","2020-09-22","Perlis",13,0,13,4,20,0,0,8,0,0,16
"2743","2020-09-22","Terengganu",23,0,23,12,38,0,0,17,0,0,27
"2745","2020-09-22","W.P. Labuan",5,2,7,2,5,0,0,5,0,0,3
"2750","2020-09-23","Negeri Sembilan",18,0,18,10,45,0,0,10,0,0,28
"2753","2020-09-23","Perlis",13,0,13,4,20,0,0,8,0,0,17
"2760","2020-09-23","W.P. Labuan",5,2,7,2,5,0,0,4,0,0,3
"2765","2020-09-24","Negeri Sembilan",18,0,18,10,45,0,0,7,0,0,25
"2775","2020-09-24","W.P. Labuan",5,2,7,2,5,0,0,3,0,0,3
"2780","2020-09-25","Negeri Sembilan",18,0,18,10,45,0,0,8,0,0,26
"2783","2020-09-25","Perlis",13,0,13,4,20,0,0,8,0,0,18
"2788","2020-09-25","Terengganu",23,0,23,12,38,0,0,13,0,0,28
"2790","2020-09-25","W.P. Labuan",5,2,7,2,5,0,0,4,0,0,3
"2795","2020-09-26","Negeri Sembilan",18,0,18,10,59,0,0,9,0,0,26
"2798","2020-09-26","Perlis",13,0,13,4,20,0,0,8,0,0,18
"2810","2020-09-27","Negeri Sembilan",18,0,18,10,59,0,0,9,0,0,29
"2813","2020-09-27","Perlis",13,0,13,4,20,0,0,8,0,0,16
"2825","2020-09-28","Negeri Sembilan",18,0,18,10,45,0,0,9,0,0,18
"2828","2020-09-28","Perlis",13,0,13,4,20,0,0,8,0,0,16
"2833","2020-09-28","Terengganu",23,0,23,12,38,0,0,15,0,0,26
"2835","2020-09-28","W.P. Labuan",5,2,7,2,5,0,0,4,0,0,3
"2840","2020-09-29","Negeri Sembilan",18,0,18,10,45,0,0,8,0,0,27
"2843","2020-09-29","Perlis",13,0,13,4,20,0,0,8,0,0,12
"2848","2020-09-29","Terengganu",23,0,23,12,38,0,0,18,0,0,28
"2850","2020-09-29","W.P. Labuan",5,2,7,2,5,0,0,5,0,0,4
"2855","2020-09-30","Negeri Sembilan",18,0,18,10,59,0,0,8,0,0,17
"2858","2020-09-30","Perlis",13,0,13,4,20,0,0,10,0,0,15
"2863","2020-09-30","Terengganu",23,0,23,12,41,0,0,16,0,0,30
"2865","2020-09-30","W.P. Labuan",5,2,7,2,5,0,0,5,0,0,4
"2870","2020-10-01","Negeri Sembilan",18,0,18,10,59,0,0,9,0,0,26
"2873","2020-10-01","Perlis",13,0,13,4,20,0,0,10,0,0,13
"2878","2020-10-01","Terengganu",23,0,23,12,41,0,0,15,0,0,29
"2880","2020-10-01","W.P. Labuan",5,2,7,2,5,0,0,5,0,0,5
"2885","2020-10-02","Negeri Sembilan",18,0,18,10,59,0,0,7,0,0,35
"2888","2020-10-02","Perlis",13,0,13,4,20,0,0,8,0,0,14
"2893","2020-10-02","Terengganu",23,0,23,12,41,0,0,18,0,0,33
"2895","2020-10-02","W.P. Labuan",5,2,7,2,5,0,0,5,0,0,5
"2900","2020-10-03","Negeri Sembilan",18,0,18,10,59,0,0,9,0,0,26
"2903","2020-10-03","Perlis",13,0,13,4,20,0,0,7,0,0,17
"2908","2020-10-03","Terengganu",23,0,23,12,41,0,0,19,0,0,34
"2910","2020-10-03","W.P. Labuan",5,2,7,2,5,0,0,5,0,0,4
"2915","2020-10-04","Negeri Sembilan",18,0,18,10,59,0,0,7,0,0,23
"2918","2020-10-04","Perlis",13,0,13,4,20,0,0,8,0,0,16
"2925","2020-10-04","W.P. Labuan",5,2,7,2,5,0,0,5,0,0,4
"2930","2020-10-05","Negeri Sembilan",18,0,18,10,59,0,0,6,0,0,22
"2933","2020-10-05","Perlis",13,0,13,4,20,0,0,8,0,0,15
"2938","2020-10-05","Terengganu",23,0,23,12,41,0,0,17,0,0,27
"2940","2020-10-05","W.P. Labuan",5,2,7,2,5,0,0,3,0,0,3
"2945","2020-10-06","Negeri Sembilan",18,0,18,10,59,0,0,8,0,0,15
"2948","2020-10-06","Perlis",13,0,13,4,20,0,0,8,0,0,12
"2953","2020-10-06","Terengganu",23,0,23,12,41,0,0,17,0,0,27
"2955","2020-10-06","W.P. Labuan",5,2,7,2,5,0,0,3,0,0,3
"2960","2020-10-07","Negeri Sembilan",18,0,18,10,59,0,0,9,0,0,20
"2963","2020-10-07","Perlis",13,0,13,4,20,0,0,8,0,0,9
"2970","2020-10-07","W.P. Labuan",5,2,7,2,5,0,0,3,0,0,2
"2975","2020-10-08","Negeri Sembilan",18,0,18,10,59,0,0,8,0,0,30
"2978","2020-10-08","Perlis",13,0,13,4,20,0,0,6,0,0,8
"2983","2020-10-08","Terengganu",23,0,23,12,41,0,0,18,0,0,29
"2993","2020-10-09","Perlis",13,0,13,4,20,0,0,7,0,0,9
"3008","2020-10-10","Perlis",13,0,13,4,20,0,0,9,0,0,13
"3013","2020-10-10","Terengganu",23,0,23,12,41,0,0,19,0,0,29
"3023","2020-10-11","Perlis",13,0,13,4,20,0,0,7,0,0,10
"3038","2020-10-12","Perlis",13,0,13,4,20,0,0,9,0,0,13
"3053","2020-10-13","Perlis",13,0,13,4,20,0,0,10,0,0,13
"3068","2020-10-14","Perlis",13,0,13,4,20,0,0,7,0,0,13
"3083","2020-10-15","Perlis",13,0,13,4,20,0,0,7,0,0,11
"3098","2020-10-16","Perlis",13,0,13,4,20,0,0,8,0,0,12
"3110","2020-10-17","Negeri Sembilan",18,0,18,10,59,0,0,8,0,0,19
"3113","2020-10-17","Perlis",13,0,13,4,20,0,0,6,0,0,10
"3118","2020-10-17","Terengganu",23,0,23,12,41,0,0,18,0,0,28
"3128","2020-10-18","Perlis",13,0,13,4,20,0,0,6,0,0,12
"3133","2020-10-18","Terengganu",23,0,23,12,41,0,0,18,0,0,31
"3143","2020-10-19","Perlis",13,0,13,4,20,0,0,7,0,0,13
"3158","2020-10-20","Perlis",13,0,13,4,20,0,0,8,0,0,13
"3173","2020-10-21","Perlis",13,0,13,4,20,0,0,8,0,0,11
"3188","2020-10-22","Perlis",13,0,13,4,20,0,0,9,0,0,12
"3200","2020-10-23","Negeri Sembilan",18,0,18,10,59,0,0,7,0,0,16
"3203","2020-10-23","Perlis",13,0,13,4,20,0,0,8,0,0,10
"3208","2020-10-23","Terengganu",23,0,23,12,41,0,0,18,0,0,31
"3215","2020-10-24","Negeri Sembilan",18,0,18,10,59,0,0,7,0,0,26
"3218","2020-10-24","Perlis",13,0,13,4,20,0,0,8,0,0,12
"3223","2020-10-24","Terengganu",23,0,23,12,41,0,0,16,0,0,28
"3230","2020-10-25","Negeri Sembilan",18,0,18,10,59,0,0,9,0,0,24
"3233","2020-10-25","Perlis",13,0,13,4,20,0,0,8,0,0,12
"3238","2020-10-25","Terengganu",23,0,23,12,41,0,0,16,0,0,22
"3248","2020-10-26","Perlis",13,0,13,4,20,0,0,8,0,0,14
"3253","2020-10-26","Terengganu",23,0,23,12,41,0,0,18,0,0,26
"3263","2020-10-27","Perlis",13,0,13,4,20,0,0,8,0,0,14
"3268","2020-10-27","Terengganu",23,0,23,12,41,0,0,17,0,0,21
"3278","2020-10-28","Perlis",13,0,13,4,20,0,0,7,0,0,10
"3283","2020-10-28","Terengganu",23,0,23,12,41,0,0,14,0,0,23
"3293","2020-10-29","Perlis",13,0,13,4,20,0,0,8,0,0,13
"3298","2020-10-29","Terengganu",23,0,23,12,41,0,0,17,0,0,29
"3308","2020-10-30","Perlis",13,0,13,4,20,0,0,8,0,0,10
"3313","2020-10-30","Terengganu",23,0,23,12,41,0,0,16,0,0,27
"3323","2020-10-31","Perlis",13,0,13,4,20,0,0,9,0,0,19
"3328","2020-10-31","Terengganu",23,0,23,12,41,0,0,14,0,0,26
"3338","2020-11-01","Perlis",13,0,13,4,20,0,0,8,0,0,12
"3343","2020-11-01","Terengganu",23,0,23,12,41,0,0,16,0,0,26
"3353","2020-11-02","Perlis",13,0,13,4,20,0,0,7,0,0,8
"3358","2020-11-02","Terengganu",23,0,23,12,41,0,0,18,0,0,28
"3368","2020-11-03","Perlis",13,0,13,4,20,0,0,8,0,0,10
"3373","2020-11-03","Terengganu",23,0,23,12,41,0,0,15,0,0,29
"3383","2020-11-04","Perlis",13,0,13,4,20,0,0,8,0,0,10
"3388","2020-11-04","Terengganu",23,0,23,12,41,0,0,15,0,0,25
"3398","2020-11-05","Perlis",13,0,13,4,20,0,0,8,0,0,11
"3413","2020-11-06","Perlis",13,0,13,4,20,0,0,9,0,0,14
"3428","2020-11-07","Perlis",13,0,13,4,20,0,0,8,0,0,13
"3443","2020-11-08","Perlis",13,0,13,4,20,0,0,9,0,0,14
"3448","2020-11-08","Terengganu",23,0,23,12,41,0,0,19,0,0,30
"3458","2020-11-09","Perlis",13,0,13,4,20,0,0,8,0,0,16
"3463","2020-11-09","Terengganu",23,0,23,12,41,0,0,19,0,0,30
"3473","2020-11-10","Perlis",13,0,13,4,20,0,0,8,0,0,16
"3478","2020-11-10","Terengganu",23,0,23,12,41,0,0,17,0,0,29
"3488","2020-11-11","Perlis",13,0,13,4,20,0,0,8,0,0,14
"3493","2020-11-11","Terengganu",23,0,23,12,41,0,0,18,0,0,28
"3503","2020-11-12","Perlis",13,0,13,4,20,0,0,8,0,0,14
"3508","2020-11-12","Terengganu",23,0,23,12,41,0,0,15,0,0,25
"3518","2020-11-13","Perlis",13,0,13,4,20,0,0,9,0,0,17
"3523","2020-11-13","Terengganu",23,0,23,12,41,0,0,18,0,0,26
"3533","2020-11-14","Perlis",13,0,13,4,20,0,0,8,0,0,18
"3538","2020-11-14","Terengganu",23,0,23,12,41,0,0,19,0,0,25
"3548","2020-11-15","Perlis",13,0,13,4,20,0,0,9,0,0,19
"3563","2020-11-16","Perlis",13,0,13,4,20,0,0,8,0,0,15
"3578","2020-11-17","Perlis",13,0,13,4,20,0,0,9,0,0,16
"3583","2020-11-17","Terengganu",23,0,23,12,41,0,0,19,0,0,30
"3593","2020-11-18","Perlis",13,0,13,4,20,0,0,10,0,0,16
"3598","2020-11-18","Terengganu",23,0,23,12,41,0,0,19,0,0,34
"3608","2020-11-19","Perlis",13,0,13,4,20,0,0,11,0,0,15
"3613","2020-11-19","Terengganu",23,0,23,12,41,0,0,19,0,0,29
"3623","2020-11-20","Perlis",13,0,13,4,20,0,0,10,0,0,14
"3628","2020-11-20","Terengganu",23,0,23,12,41,0,0,18,0,0,31
"3638","2020-11-21","Perlis",13,0,13,4,20,0,0,6,0,0,9
"3643","2020-11-21","Terengganu",23,0,23,12,41,0,0,18,0,0,30
"3653","2020-11-22","Perlis",13,0,13,4,20,0,0,8,0,0,11
"3658","2020-11-22","Terengganu",23,0,23,12,41,0,0,18,0,0,28
"3668","2020-11-23","Perlis",13,0,13,4,20,0,0,8,0,0,10
"3673","2020-11-23","Terengganu",23,0,23,12,41,0,0,19,0,0,31
"3683","2020-11-24","Perlis",13,0,13,4,20,0,0,9,0,0,11
"3688","2020-11-24","Terengganu",23,0,23,12,41,0,0,17,0,0,30
"3698","2020-11-25","Perlis",13,0,13,4,20,0,0,9,0,0,10
"3703","2020-11-25","Terengganu",23,0,23,12,41,0,0,19,0,0,30
"3713","2020-11-26","Perlis",13,0,13,4,20,0,0,8,0,0,8
"3718","2020-11-26","Terengganu",23,0,23,12,41,0,0,18,0,0,27
"3728","2020-11-27","Perlis",13,0,13,4,20,0,0,10,0,0,12
"3733","2020-11-27","Terengganu",23,0,23,12,41,0,0,19,0,0,28
"3743","2020-11-28","Perlis",13,0,13,4,20,0,0,8,0,0,11
"3748","2020-11-28","Terengganu",23,0,23,12,41,0,0,19,0,0,28
"3758","2020-11-29","Perlis",13,0,13,4,20,0,0,10,0,0,13
"3763","2020-11-29","Terengganu",23,0,23,12,41,0,0,19,0,0,28
"3773","2020-11-30","Perlis",13,0,13,4,20,0,0,9,0,0,11
"3778","2020-11-30","Terengganu",23,0,23,12,41,0,0,17,0,0,25
"3788","2020-12-01","Perlis",13,0,13,4,20,0,0,9,0,0,11
"3793","2020-12-01","Terengganu",23,0,23,12,41,0,0,16,0,0,6
"3803","2020-12-02","Perlis",13,0,13,4,20,0,0,9,0,0,15
"3808","2020-12-02","Terengganu",23,0,23,12,41,0,0,13,0,0,18
"3818","2020-12-03","Perlis",13,0,13,4,20,0,0,6,0,0,10
"3823","2020-12-03","Terengganu",23,0,23,12,41,0,0,14,0,0,20
"3833","2020-12-04","Perlis",13,0,13,4,20,0,0,6,0,0,9
"3838","2020-12-04","Terengganu",23,0,23,12,41,0,0,14,0,0,21
"3848","2020-12-05","Perlis",13,0,13,4,20,0,0,6,0,0,9
"3853","2020-12-05","Terengganu",23,0,23,12,41,0,0,15,0,0,20
"3863","2020-12-06","Perlis",13,0,13,4,20,0,0,7,0,0,11
"3868","2020-12-06","Terengganu",23,0,23,12,41,0,0,16,0,0,22
"3878","2020-12-07","Perlis",13,0,13,4,20,0,0,9,0,0,14
"3883","2020-12-07","Terengganu",23,0,23,12,41,0,0,16,0,0,23
"3893","2020-12-08","Perlis",13,0,13,4,20,0,0,8,0,0,13
"3898","2020-12-08","Terengganu",23,0,23,12,41,0,0,12,0,0,18
"3908","2020-12-09","Perlis",13,0,13,4,20,0,0,10,0,0,14
"3913","2020-12-09","Terengganu",23,0,23,12,41,0,0,16,0,0,21
"3923","2020-12-10","Perlis",13,0,13,4,20,0,0,10,0,0,15
"3928","2020-12-10","Terengganu",23,0,23,12,41,0,0,17,0,0,22
"3938","2020-12-11","Perlis",13,0,13,4,20,0,0,6,0,0,11
"3943","2020-12-11","Terengganu",23,0,23,12,41,0,0,19,0,0,27
"3953","2020-12-12","Perlis",13,0,13,4,20,0,0,8,0,0,15
"3968","2020-12-13","Perlis",13,0,13,4,20,0,0,9,0,0,13
"3983","2020-12-14","Perlis",13,0,13,4,20,0,0,8,0,0,12
"3998","2020-12-15","Perlis",13,0,13,4,20,0,0,9,0,0,14
"4013","2020-12-16","Perlis",13,0,13,4,20,0,0,11,0,0,14
"4028","2020-12-17","Perlis",13,0,13,4,20,0,0,10,0,0,14
"4043","2020-12-18","Perlis",13,0,13,4,20,0,0,8,0,0,11
"4048","2020-12-18","Terengganu",23,0,23,12,41,0,0,18,0,0,30
"4058","2020-12-19","Perlis",13,0,13,4,20,0,0,7,0,0,12
"4063","2020-12-19","Terengganu",23,0,23,12,41,0,0,18,0,0,31
"4073","2020-12-20","Perlis",13,0,13,4,20,0,0,8,0,0,12
"4078","2020-12-20","Terengganu",23,0,23,12,41,0,0,18,0,0,29
"4088","2020-12-21","Perlis",13,0,13,4,20,0,0,9,0,0,15
"4093","2020-12-21","Terengganu",23,0,23,12,41,0,0,17,0,0,27
"4103","2020-12-22","Perlis",13,0,13,4,20,0,0,10,0,0,14
"4108","2020-12-22","Terengganu",23,0,23,12,41,0,0,18,0,0,27
"4118","2020-12-23","Perlis",13,0,13,4,20,0,0,10,0,0,13
"4123","2020-12-23","Terengganu",23,0,23,12,41,0,0,19,0,0,28
"4133","2020-12-24","Perlis",13,0,13,4,20,0,0,7,0,0,10
"4138","2020-12-24","Terengganu",23,0,23,12,41,0,0,17,0,0,26
"4148","2020-12-25","Perlis",13,0,13,4,20,0,0,6,0,0,7
"4153","2020-12-25","Terengganu",23,0,23,12,41,0,0,14,0,0,28
"4163","2020-12-26","Perlis",13,0,13,4,20,0,0,9,0,0,11
"4168","2020-12-26","Terengganu",23,0,23,12,41,0,0,18,0,0,30
"4178","2020-12-27","Perlis",13,0,13,4,20,0,0,6,0,0,11
"4193","2020-12-28","Perlis",13,0,13,4,20,0,0,6,0,0,8
"4198","2020-12-28","Terengganu",23,0,23,12,41,0,0,16,0,0,23
"4208","2020-12-29","Perlis",13,0,13,4,20,0,0,7,0,0,12
"4213","2020-12-29","Terengganu",23,0,23,12,41,0,0,18,0,0,35
"4223","2020-12-30","Perlis",13,0,13,4,20,0,0,8,0,0,18
"4238","2020-12-31","Perlis",13,0,13,4,20,0,0,8,0,0,16
"4243","2020-12-31","Terengganu",23,0,23,12,41,0,0,18,0,0,23
"4253","2021-01-01","Perlis",13,0,13,4,20,0,0,8,0,0,14
"4265","2021-01-02","Negeri Sembilan",22,0,22,11,62,0,0,10,0,0,32
"4268","2021-01-02","Perlis",13,0,13,4,20,0,0,8,0,0,17
"4283","2021-01-03","Perlis",13,0,13,4,20,0,0,4,0,0,12
"4288","2021-01-03","Terengganu",23,0,23,12,41,0,0,17,0,0,23
"4298","2021-01-04","Perlis",13,0,13,4,20,0,0,5,0,0,10
"4313","2021-01-05","Perlis",13,0,13,4,20,0,0,9,0,0,17
"4318","2021-01-05","Terengganu",23,0,23,12,41,0,0,18,0,0,22
"4328","2021-01-06","Perlis",13,0,13,4,20,0,0,6,0,0,11
"4344","2021-01-07","Perlis",13,0,13,4,20,0,0,8,0,0,15
"4360","2021-01-08","Perlis",13,0,13,4,20,0,0,8,0,0,15
"4376","2021-01-09","Perlis",13,0,13,4,20,0,0,6,0,0,13
"4381","2021-01-09","Terengganu",23,0,23,12,41,0,0,16,0,0,27
"4797","2021-02-06","Perlis",13,2,15,6,20,0,0,6,0,0,11
"4813","2021-02-07","Perlis",13,2,15,6,20,0,0,6,0,0,13
"4829","2021-02-08","Perlis",13,2,15,6,20,0,0,6,0,0,11
"4845","2021-02-09","Perlis",13,2,15,6,20,0,0,6,0,0,9
"4861","2021-02-10","Perlis",13,2,15,6,20,0,0,6,0,0,9
"4876","2021-02-11","Perlis",13,2,15,6,20,0,0,8,0,0,9
"4891","2021-02-12","Perlis",13,2,15,6,20,0,0,8,0,0,15
"4906","2021-02-13","Perlis",13,2,15,6,20,0,0,10,0,0,20
"4921","2021-02-14","Perlis",13,2,15,6,20,0,0,9,0,0,20
"4936","2021-02-15","Perlis",13,2,15,6,20,0,0,10,0,0,21
"4951","2021-02-16","Perlis",13,2,15,6,20,0,0,10,0,0,19
"4966","2021-02-17","Perlis",13,2,15,6,20,0,0,10,0,0,20
"4981","2021-02-18","Perlis",13,2,15,6,20,0,0,11,0,0,16
"4996","2021-02-19","Perlis",13,2,15,6,20,0,0,9,0,0,16
"5011","2021-02-20","Perlis",13,2,15,6,20,0,0,7,0,0,11
"5026","2021-02-21","Perlis",13,2,15,6,20,0,0,7,0,0,12
"5041","2021-02-22","Perlis",13,2,15,6,20,0,0,6,0,0,11
"5056","2021-02-23","Perlis",13,2,15,6,20,0,0,6,0,0,11
"5071","2021-02-24","Perlis",13,2,15,6,20,0,0,6,0,0,10
"5086","2021-02-25","Perlis",13,2,15,6,20,0,0,6,0,0,10
"5101","2021-02-26","Perlis",13,2,15,6,20,0,0,9,0,0,13
"5116","2021-02-27","Perlis",13,2,15,6,20,0,0,7,0,0,10
"5123","2021-02-27","W.P. Labuan",5,5,10,5,6,0,0,5,0,0,5
"5131","2021-02-28","Perlis",13,2,15,6,20,0,0,6,0,0,8
"5138","2021-02-28","W.P. Labuan",5,5,10,5,6,0,0,5,0,0,4
"5146","2021-03-01","Perlis",13,2,15,6,20,0,0,6,0,0,8
"5153","2021-03-01","W.P. Labuan",5,5,10,5,6,0,0,4,0,0,4
"5161","2021-03-02","Perlis",13,2,15,6,20,0,0,5,0,0,8
"5168","2021-03-02","W.P. Labuan",5,5,10,5,6,0,0,4,0,0,2
"5176","2021-03-03","Perlis",13,2,15,6,20,0,0,7,0,0,12
"5183","2021-03-03","W.P. Labuan",5,5,10,5,6,0,0,4,0,0,3
"5191","2021-03-04","Perlis",13,2,15,6,20,0,0,6,0,0,9
"5198","2021-03-04","W.P. Labuan",5,5,10,5,6,0,0,5,0,0,4
"5206","2021-03-05","Perlis",13,2,15,6,20,0,0,9,0,0,11
"5213","2021-03-05","W.P. Labuan",5,5,10,5,6,0,0,5,0,0,4
"5221","2021-03-06","Perlis",13,2,15,6,20,0,0,7,0,0,9
"5228","2021-03-06","W.P. Labuan",5,5,10,5,6,0,0,4,0,0,4
"5237","2021-03-07","Perlis",13,2,15,6,20,0,0,10,0,0,11
"5244","2021-03-07","W.P. Labuan",5,5,10,5,6,0,0,4,0,0,4
"5253","2021-03-08","Perlis",13,2,15,6,20,0,0,8,0,0,10
"5260","2021-03-08","W.P. Labuan",5,5,10,5,6,0,0,4,0,0,3
"5269","2021-03-09","Perlis",13,2,15,6,20,0,0,6,0,0,8
"5276","2021-03-09","W.P. Labuan",5,5,10,5,6,0,0,5,0,0,4
"5292","2021-03-10","W.P. Labuan",5,5,10,5,6,0,0,5,0,0,5
"5307","2021-03-11","W.P. Labuan",5,5,10,5,6,0,0,5,0,0,7
"5345","2021-03-14","Perlis",13,2,15,6,20,0,0,6,0,0,7
"5360","2021-03-15","Perlis",13,2,15,6,20,0,0,7,0,0,9
"5375","2021-03-16","Perlis",13,2,15,6,20,0,0,8,0,0,10
"5390","2021-03-17","Perlis",13,2,15,6,20,0,0,9,0,0,12
"5397","2021-03-17","W.P. Labuan",5,5,10,5,6,0,0,3,0,0,1
"5412","2021-03-18","W.P. Labuan",5,5,10,5,6,0,0,3,0,0,1
"5420","2021-03-19","Perlis",13,2,15,6,20,0,0,11,0,0,13
"5427","2021-03-19","W.P. Labuan",5,5,10,5,6,0,0,2,0,0,1
"5435","2021-03-20","Perlis",13,2,15,6,20,0,0,12,0,0,15
"5442","2021-03-20","W.P. Labuan",5,5,10,5,6,0,0,1,0,0,1
"5450","2021-03-21","Perlis",13,2,15,6,20,0,0,9,0,0,13
"5457","2021-03-21","W.P. Labuan",5,5,10,5,6,0,0,1,0,0,1
"5465","2021-03-22","Perlis",13,2,15,6,20,0,0,10,0,0,18
"5472","2021-03-22","W.P. Labuan",5,5,10,5,6,0,0,2,0,0,2
"5480","2021-03-23","Perlis",13,2,15,6,20,0,0,9,0,0,15
"5487","2021-03-23","W.P. Labuan",5,5,10,5,6,0,0,2,0,0,2
"5495","2021-03-24","Perlis",13,2,15,6,20,0,0,10,0,0,16
"5502","2021-03-24","W.P. Labuan",5,5,10,5,6,0,0,2,0,0,2
"5510","2021-03-25","Perlis",13,2,15,6,20,0,0,10,0,0,14
"5517","2021-03-25","W.P. Labuan",5,5,10,5,6,0,0,2,0,0,2
"5525","2021-03-26","Perlis",13,2,15,6,20,0,0,9,0,0,12
"5530","2021-03-26","Terengganu",20,0,20,4,41,0,0,12,0,0,20
"5532","2021-03-26","W.P. Labuan",5,5,10,5,6,0,0,1,0,0,1
"5540","2021-03-27","Perlis",13,2,15,6,20,0,0,10,0,0,13
"5545","2021-03-27","Terengganu",20,0,20,4,41,0,0,12,0,0,21
"5547","2021-03-27","W.P. Labuan",5,5,10,5,6,0,0,1,0,0,1
"5555","2021-03-28","Perlis",13,2,15,6,20,0,0,8,0,0,11
"5560","2021-03-28","Terengganu",20,0,20,4,41,0,0,11,0,0,20
"5562","2021-03-28","W.P. Labuan",5,5,10,5,6,0,0,1,0,0,1
"5570","2021-03-29","Perlis",13,2,15,6,20,0,0,9,0,0,12
"5575","2021-03-29","Terengganu",20,0,20,4,41,0,0,9,0,0,20
"5577","2021-03-29","W.P. Labuan",5,5,10,5,6,0,0,2,0,0,1
"5585","2021-03-30","Perlis",13,2,15,6,20,0,0,10,0,0,12
"5590","2021-03-30","Terengganu",20,0,20,4,41,0,0,11,0,0,25
"5592","2021-03-30","W.P. Labuan",5,5,10,5,6,0,0,3,0,0,1
"5600","2021-03-31","Perlis",13,2,15,6,20,0,0,8,0,0,15
"5605","2021-03-31","Terengganu",20,0,20,4,41,0,0,11,0,0,19
"5607","2021-03-31","W.P. Labuan",5,5,10,5,6,0,0,2,0,0,1
"5615","2021-04-01","Perlis",13,2,15,6,20,0,0,7,0,0,14
"5620","2021-04-01","Terengganu",20,0,20,4,41,0,0,13,0,0,26
"5622","2021-04-01","W.P. Labuan",5,5,10,5,6,0,0,2,0,0,1
"5630","2021-04-02","Perlis",13,2,15,6,20,0,0,7,0,0,11
"5635","2021-04-02","Terengganu",20,0,20,4,41,0,0,19,0,0,28
"5637","2021-04-02","W.P. Labuan",5,5,10,5,6,0,0,2,0,0,1
"5645","2021-04-03","Perlis",13,2,15,6,20,0,0,6,0,0,14
"5650","2021-04-03","Terengganu",20,0,20,4,41,0,0,17,0,0,29
"5652","2021-04-03","W.P. Labuan",5,5,10,5,6,0,0,1,0,0,1
"5660","2021-04-04","Perlis",13,2,15,6,20,0,0,9,0,0,17
"5665","2021-04-04","Terengganu",20,0,20,4,41,0,0,16,0,0,27
"5667","2021-04-04","W.P. Labuan",5,5,10,5,6,0,0,2,0,0,2
"5675","2021-04-05","Perlis",13,2,15,6,20,0,0,11,0,0,16
"5680","2021-04-05","Terengganu",20,0,20,4,41,0,0,17,0,0,28
"5682","2021-04-05","W.P. Labuan",5,5,10,5,6,0,0,3,0,0,2
"5690","2021-04-06","Perlis",13,2,15,6,20,0,0,9,0,0,15
"5695","2021-04-06","Terengganu",20,0,20,4,41,0,0,18,0,0,24
"5697","2021-04-06","W.P. Labuan",5,5,10,5,6,0,0,3,0,0,2
"5706","2021-04-07","Perlis",13,2,15,6,20,0,0,11,0,0,20
"5711","2021-04-07","Terengganu",20,0,20,4,41,0,0,16,0,0,23
"5713","2021-04-07","W.P. Labuan",5,5,10,5,6,0,0,3,0,0,1
"5722","2021-04-08","Perlis",13,2,15,6,20,0,0,7,0,0,15
"5727","2021-04-08","Terengganu",20,0,20,4,41,0,0,19,0,0,24
"5729","2021-04-08","W.P. Labuan",5,5,10,5,6,0,0,2,0,0,1
"5738","2021-04-09","Perlis",13,2,15,6,20,0,0,6,0,0,15
"5743","2021-04-09","Terengganu",20,0,20,4,41,0,0,16,0,0,21
"5745","2021-04-09","W.P. Labuan",5,5,10,5,6,0,0,1,0,0,1
"5754","2021-04-10","Perlis",13,2,15,6,20,0,0,8,0,0,12
"5759","2021-04-10","Terengganu",20,0,20,4,41,0,0,15,0,0,23
"5761","2021-04-10","W.P. Labuan",5,5,10,5,6,0,0,2,0,0,2
"5769","2021-04-11","Perlis",13,2,15,6,20,0,0,9,0,0,12
"5774","2021-04-11","Terengganu",20,0,20,4,41,0,0,17,0,0,24
"5776","2021-04-11","W.P. Labuan",5,5,10,5,6,0,0,2,0,0,1
"5784","2021-04-12","Perlis",13,2,15,6,20,0,0,8,0,0,11
"5789","2021-04-12","Terengganu",20,0,20,4,41,0,0,17,0,0,21
"5791","2021-04-12","W.P. Labuan",5,5,10,5,6,0,0,2,0,0,1
"5799","2021-04-13","Perlis",13,2,15,6,20,0,0,9,0,0,11
"5804","2021-04-13","Terengganu",20,0,20,4,41,0,0,14,0,0,20
"5806","2021-04-13","W.P. Labuan",5,5,10,5,6,0,0,1,0,0,1
"5814","2021-04-14","Perlis",13,2,15,6,20,0,0,8,0,0,12
"5819","2021-04-14","Terengganu",20,0,20,4,41,0,0,19,0,0,30
"5821","2021-04-14","W.P. Labuan",5,5,10,5,6,0,0,2,0,0,1
"5829","2021-04-15","Perlis",13,2,15,6,20,0,0,8,0,0,12
"5834","2021-04-15","Terengganu",20,0,20,4,41,0,0,18,0,0,26
"5836","2021-04-15","W.P. Labuan",5,5,10,5,6,0,0,3,0,0,2
"5844","2021-04-16","Perlis",13,2,15,6,20,0,0,8,0,0,13
"5849","2021-04-16","Terengganu",20,0,20,4,41,0,0,17,0,0,25
"5851","2021-04-16","W.P. Labuan",5,5,10,5,6,0,0,3,0,0,2
"5859","2021-04-17","Perlis",13,2,15,6,20,0,0,8,0,0,11
"5864","2021-04-17","Terengganu",20,0,20,4,41,0,0,19,0,0,27
"5866","2021-04-17","W.P. Labuan",5,5,10,5,6,0,0,3,0,0,2
"5874","2021-04-18","Perlis",13,2,15,6,20,0,0,6,0,0,9
"5879","2021-04-18","Terengganu",20,0,20,4,41,0,0,17,0,0,25
"5881","2021-04-18","W.P. Labuan",5,5,10,5,6,0,0,3,0,0,2
"5889","2021-04-19","Perlis",13,2,15,6,20,0,0,6,0,0,11
"5894","2021-04-19","Terengganu",20,0,20,4,41,0,0,17,0,0,26
"5896","2021-04-19","W.P. Labuan",5,5,10,5,6,0,0,3,0,0,2
"5904","2021-04-20","Perlis",13,2,15,6,20,0,0,7,0,0,8
"5909","2021-04-20","Terengganu",20,0,20,4,41,0,0,17,0,0,30
"5919","2021-04-21","Perlis",13,2,15,6,20,0,0,6,0,0,8
"5924","2021-04-21","Terengganu",20,0,20,4,41,0,0,15,0,0,28
"5934","2021-04-22","Perlis",13,2,15,6,20,0,0,10,0,0,11
"5939","2021-04-22","Terengganu",20,0,20,4,41,0,0,18,0,0,27
"5949","2021-04-23","Perlis",13,2,15,6,20,0,0,10,0,0,13
"5954","2021-04-23","Terengganu",20,0,20,4,41,0,0,14,0,0,26
"5956","2021-04-23","W.P. Labuan",5,5,10,5,6,0,0,1,0,0,1
"5964","2021-04-24","Perlis",13,2,15,6,20,0,0,10,0,0,14
"5969","2021-04-24","Terengganu",20,0,20,4,41,0,0,17,0,0,26
"5971","2021-04-24","W.P. Labuan",5,5,10,5,6,0,0,1,0,0,0
"5979","2021-04-25","Perlis",13,2,15,6,20,0,0,8,0,0,14
"5984","2021-04-25","Terengganu",20,0,20,4,41,0,0,15,0,0,25
"5986","2021-04-25","W.P. Labuan",5,5,10,5,6,0,0,1,0,0,1
"5994","2021-04-26","Perlis",13,2,15,6,20,0,0,8,0,0,12
"5999","2021-04-26","Terengganu",20,0,20,4,41,0,0,13,0,0,23
"6001","2021-04-26","W.P. Labuan",5,5,10,5,6,0,0,3,0,0,2
"6009","2021-04-27","Perlis",13,2,15,6,20,0,0,9,0,0,14
"6016","2021-04-27","W.P. Labuan",5,5,10,5,6,0,0,2,0,0,2
"6024","2021-04-28","Perlis",13,2,15,6,20,0,0,8,0,0,16
"6031","2021-04-28","W.P. Labuan",5,5,10,5,6,0,0,2,0,0,1
"6039","2021-04-29","Perlis",13,2,15,6,20,0,0,6,0,0,11
"6046","2021-04-29","W.P. Labuan",5,5,10,5,6,0,0,2,0,0,1
"6054","2021-04-30","Perlis",13,2,15,6,20,0,0,6,0,0,10
"6061","2021-04-30","W.P. Labuan",5,5,10,5,6,0,0,1,0,0,0
"6069","2021-05-01","Perlis",13,2,15,6,20,0,0,7,0,0,11
"6076","2021-05-01","W.P. Labuan",5,5,10,5,6,0,0,2,0,0,1
"6084","2021-05-02","Perlis",13,2,15,6,20,0,0,8,0,0,13
"6091","2021-05-02","W.P. Labuan",5,5,10,5,6,0,0,2,0,0,1
"6099","2021-05-03","Perlis",13,2,15,6,20,0,0,5,0,0,8
"6106","2021-05-03","W.P. Labuan",5,5,10,5,6,0,0,2,0,0,0
"6121","2021-05-04","W.P. Labuan",5,5,10,5,6,0,0,4,0,0,2
"6136","2021-05-05","W.P. Labuan",5,5,10,5,6,0,0,4,0,0,2
"6151","2021-05-06","W.P. Labuan",5,5,10,5,6,0,0,5,0,0,3
"6160","2021-05-07","Perlis",13,2,15,6,20,0,0,7,0,0,14
"6167","2021-05-07","W.P. Labuan",5,5,10,5,6,0,0,4,0,0,1
"6183","2021-05-08","W.P. Labuan",5,5,10,5,6,0,0,2,0,0,1
"6199","2021-05-09","W.P. Labuan",5,5,10,5,6,0,0,2,0,0,1
"12534","2022-06-09","W.P. Labuan",5,2,7,2,33,0,0,1,0,0,3
"12550","2022-06-10","W.P. Labuan",5,2,7,2,33,0,0,0,0,0,4
"12566","2022-06-11","W.P. Labuan",5,2,7,2,33,0,0,0,0,0,4
"12582","2022-06-12","W.P. Labuan",5,2,7,2,33,0,0,0,0,0,3
"12646","2022-06-16","W.P. Labuan",5,2,7,2,33,0,0,3,0,0,2
"12662","2022-06-17","W.P. Labuan",5,2,7,2,33,0,0,4,0,0,1
"12678","2022-06-18","W.P. Labuan",5,2,7,2,33,0,0,1,0,0,1
"12694","2022-06-19","W.P. Labuan",5,2,7,2,33,0,0,1,0,0,1
"12710","2022-06-20","W.P. Labuan",5,2,7,2,33,0,0,0,0,0,1
"12774","2022-06-24","W.P. Labuan",5,2,7,2,33,0,0,2,0,0,2
"12790","2022-06-25","W.P. Labuan",5,2,7,2,33,0,0,1,0,0,2
"12806","2022-06-26","W.P. Labuan",5,2,7,2,33,0,0,0,0,0,1
"12822","2022-06-27","W.P. Labuan",5,2,7,2,33,0,0,2,0,0,2
"12838","2022-06-28","W.P. Labuan",5,2,7,2,33,0,0,3,0,0,2
"12982","2022-07-07","W.P. Labuan",5,2,7,2,33,0,0,4,0,0,5
"12998","2022-07-08","W.P. Labuan",5,2,7,2,33,0,0,1,0,0,5
"13142","2022-07-17","W.P. Labuan",5,2,7,2,33,0,0,4,0,0,4
"13174","2022-07-19","W.P. Labuan",5,2,7,2,33,0,0,4,0,0,5
"13190","2022-07-20","W.P. Labuan",5,2,7,2,33,0,0,4,0,0,4
"13206","2022-07-21","W.P. Labuan",5,2,7,2,33,0,0,3,0,0,5
"13222","2022-07-22","W.P. Labuan",5,2,7,2,33,0,0,2,0,0,4
"13814","2022-08-28","W.P. Labuan",5,2,7,2,33,0,0,2,0,0,1
"13878","2022-09-01","W.P. Labuan",5,2,7,2,33,0,0,2,0,0,2
"13894","2022-09-02","W.P. Labuan",5,2,7,2,33,0,0,3,0,0,3
"14390","2022-10-03","W.P. Labuan",5,2,7,2,33,0,0,1,0,0,1
"14662","2022-10-20","W.P. Labuan",5,2,7,2,33,0,0,4,0,0,3
"14678","2022-10-21","W.P. Labuan",5,2,7,2,33,0,0,3,0,0,3
"15126","2022-11-18","W.P. Labuan",5,2,7,2,33,0,0,3,0,0,1
"15174","2022-11-21","W.P. Labuan",5,2,7,2,33,0,0,3,0,0,1
"15206","2022-11-23","W.P. Labuan",5,2,7,2,33,0,0,2,0,0,3
"17015","2023-03-16","W.P. Putrajaya",14,0,14,3,37,0,0,4,0,0,4
"17142","2023-03-24","W.P. Labuan",5,2,7,7,22,0,0,4,0,0,1
"17158","2023-03-25","W.P. Labuan",5,2,7,7,22,0,0,0,0,0,0
"17174","2023-03-26","W.P. Labuan",5,2,7,7,22,0,0,0,0,0,0
"17190","2023-03-27","W.P. Labuan",5,2,7,7,22,0,0,0,0,0,0
"17206","2023-03-28","W.P. Labuan",5,2,7,7,22,0,0,1,0,0,0
"17222","2023-03-29","W.P. Labuan",5,2,7,7,22,0,0,1,0,0,0
"17238","2023-03-30","W.P. Labuan",5,2,7,7,22,0,0,3,0,0,1
"17254","2023-03-31","W.P. Labuan",5,2,7,7,22,0,0,3,0,0,1
"17455","2023-04-13","Perlis",13,0,13,2,19,0,0,9,0,0,0
"17782","2023-05-03","W.P. Labuan",5,2,7,7,22,0,0,0,0,0,0
"17798","2023-05-04","W.P. Labuan",5,2,7,7,22,0,0,0,0,0,0
"17814","2023-05-05","W.P. Labuan",5,2,7,7,22,0,0,0,0,0,0
"17830","2023-05-06","W.P. Labuan",5,2,7,7,22,0,0,0,0,0,0
"17846","2023-05-07","W.P. Labuan",5,2,7,7,22,0,0,1,0,0,0
"17878","2023-05-09","W.P. Labuan",5,2,7,7,22,0,0,1,0,0,0
"17894","2023-05-10","W.P. Labuan",5,2,7,7,22,0,0,0,0,0,0
"18054","2023-05-20","W.P. Labuan",5,2,7,7,22,0,0,2,0,0,0
